"ID";"Leeftijd";"RegioS";"Perioden";"KinderenMetKansOpArmoede_2";"KinderenMetKansOpArmoedeRelatief_3"
"10";"41300";"NL01  ";"2021JJ00";"299.3";"9.4"
"21";"41300";"LD01  ";"2021JJ00";"28.9";"9.5"
"32";"41300";"LD02  ";"2021JJ00";"55.8";"7.9"
"43";"41300";"LD03  ";"2021JJ00";"159";"10.3"
"54";"41300";"LDG4  ";"2021JJ00";;
"65";"41300";"LD04  ";"2021JJ00";"55.6";"8.9"
"76";"41300";"LDZZ  ";"2021JJ00";;
"87";"41300";"LD98  ";"2021JJ00";;
"98";"41300";"LD99  ";"2021JJ00";;
"109";"41300";"PV20  ";"2021JJ00";"11.1";"11.8"
"120";"41300";"PV21  ";"2021JJ00";"10.4";"8.6"
"131";"41300";"PV22  ";"2021JJ00";"7.4";"8.4"
"142";"41300";"PV23  ";"2021JJ00";"17.7";"7.9"
"153";"41300";"PV24  ";"2021JJ00";"8.7";"9.6"
"164";"41300";"PV25  ";"2021JJ00";"29.4";"7.6"
"175";"41300";"PV26  ";"2021JJ00";"20.4";"7.5"
"186";"41300";"PV27  ";"2021JJ00";"54";"10.4"
"197";"41300";"PV28  ";"2021JJ00";"79.3";"11.4"
"208";"41300";"PV29  ";"2021JJ00";"5.3";"7.9"
"219";"41300";"PV30  ";"2021JJ00";"37.1";"8.2"
"230";"41300";"PV31  ";"2021JJ00";"18.5";"11"
"241";"41300";"GM1680";"2021JJ00";"0.3";"6.3"
"252";"41300";"GM0738";"2021JJ00";;
"263";"41300";"GM0358";"2021JJ00";"0.3";"5"
"274";"41300";"GM0197";"2021JJ00";"0.3";"5.6"
"285";"41300";"GM0059";"2021JJ00";"0.5";"8.3"
"296";"41300";"GM0482";"2021JJ00";"0.3";"5.9"
"307";"41300";"GM0613";"2021JJ00";"0.3";"5.7"
"318";"41300";"GM0361";"2021JJ00";"1.8";"9.3"
"329";"41300";"GM0141";"2021JJ00";"1.7";"12.8"
"340";"41300";"GM0034";"2021JJ00";"4.8";"10.6"
"351";"41300";"GM0484";"2021JJ00";"1.3";"6"
"362";"41300";"GM1723";"2021JJ00";"0.1";"4.5"
"373";"41300";"GM1959";"2021JJ00";"0.5";"4.5"
"384";"41300";"GM0060";"2021JJ00";"0";"3"
"395";"41300";"GM0307";"2021JJ00";"2.5";"7.6"
"406";"41300";"GM0362";"2021JJ00";"1.2";"6.8"
"417";"41300";"GM0363";"2021JJ00";"23.9";"17.5"
"428";"41300";"GM0366";"2021JJ00";;
"439";"41300";"GM0200";"2021JJ00";"2.5";"8.2"
"450";"41300";"GM0003";"2021JJ00";;
"461";"41300";"GM0202";"2021JJ00";"4.1";"14.3"
"472";"41300";"GM0106";"2021JJ00";"1.3";"9.7"
"483";"41300";"GM0743";"2021JJ00";"0.1";"4.6"
"494";"41300";"GM0744";"2021JJ00";"0.1";"6.2"
"505";"41300";"GM0308";"2021JJ00";"0.3";"6.4"
"516";"41300";"GM0489";"2021JJ00";"0.5";"5.1"
"527";"41300";"GM0203";"2021JJ00";"0.6";"4.2"
"538";"41300";"GM0005";"2021JJ00";;
"549";"41300";"GM0888";"2021JJ00";"0.2";"9.6"
"560";"41300";"GM1954";"2021JJ00";"0.4";"7.7"
"571";"41300";"GM0370";"2021JJ00";"0.1";"4.4"
"582";"41300";"GM0889";"2021JJ00";"0.2";"10.1"
"593";"41300";"GM0007";"2021JJ00";;
"604";"41300";"GM1945";"2021JJ00";"0.5";"8.4"
"615";"41300";"GM0491";"2021JJ00";;
"626";"41300";"GM1724";"2021JJ00";"0.1";"4.1"
"637";"41300";"GM0893";"2021JJ00";"0.1";"6.5"
"648";"41300";"GM0373";"2021JJ00";"0.2";"5.4"
"659";"41300";"GM0748";"2021JJ00";"1.4";"12"
"670";"41300";"GM1859";"2021JJ00";"0.5";"6"
"681";"41300";"GM1721";"2021JJ00";"0.3";"4.7"
"692";"41300";"GM0568";"2021JJ00";;
"703";"41300";"GM0753";"2021JJ00";"0.3";"5.8"
"714";"41300";"GM0209";"2021JJ00";"0.3";"6.2"
"725";"41300";"GM0375";"2021JJ00";"0.8";"10.5"
"736";"41300";"GM0063";"2021JJ00";;
"747";"41300";"GM0310";"2021JJ00";"0.6";"6.7"
"758";"41300";"GM0585";"2021JJ00";;
"769";"41300";"GM1728";"2021JJ00";"0.1";"4"
"780";"41300";"GM0376";"2021JJ00";"0.1";"5.2"
"791";"41300";"GM0377";"2021JJ00";"0.2";"3.8"
"802";"41300";"GM0055";"2021JJ00";;
"813";"41300";"GM1901";"2021JJ00";"0.4";"4.9"
"824";"41300";"GM0755";"2021JJ00";"0.1";"4.1"
"835";"41300";"GM0009";"2021JJ00";;
"846";"41300";"GM1681";"2021JJ00";"0.3";"7.3"
"857";"41300";"GM0147";"2021JJ00";"0.2";"4.8"
"868";"41300";"GM0654";"2021JJ00";"0.2";"4.4"
"879";"41300";"GM0499";"2021JJ00";;
"890";"41300";"GM0756";"2021JJ00";"0.3";"6.5"
"901";"41300";"GM0757";"2021JJ00";"0.4";"7.5"
"912";"41300";"GM0758";"2021JJ00";"3";"9.1"
"923";"41300";"GM0501";"2021JJ00";"0.2";"6.6"
"934";"41300";"GM1876";"2021JJ00";"0.3";"4.6"
"945";"41300";"GM0213";"2021JJ00";"0.2";"6.4"
"956";"41300";"GM0899";"2021JJ00";"0.5";"13.1"
"967";"41300";"GM0312";"2021JJ00";"0.1";"3.4"
"978";"41300";"GM0313";"2021JJ00";"0.2";"4.3"
"989";"41300";"GM0214";"2021JJ00";"0.3";"5.6"
"1000";"41300";"GM0381";"2021JJ00";;
"1011";"41300";"GM0502";"2021JJ00";"1.6";"12.9"
"1022";"41300";"GM0383";"2021JJ00";"0.3";"4.5"
"1033";"41300";"GM0109";"2021JJ00";"0.6";"9.7"
"1044";"41300";"GM1706";"2021JJ00";"0.2";"6.1"
"1055";"41300";"GM0611";"2021JJ00";;
"1066";"41300";"GM1684";"2021JJ00";"0.3";"7.5"
"1077";"41300";"GM0216";"2021JJ00";"0.4";"6.5"
"1088";"41300";"GM0148";"2021JJ00";"0.2";"3.8"
"1099";"41300";"GM1891";"2021JJ00";"0.3";"6.9"
"1110";"41300";"GM0503";"2021JJ00";"2";"14"
"1121";"41300";"GM0010";"2021JJ00";;
"1132";"41300";"GM0762";"2021JJ00";"0.4";"6"
"1143";"41300";"GM0150";"2021JJ00";"1.9";"10.1"
"1154";"41300";"GM0384";"2021JJ00";"0.5";"9.5"
"1165";"41300";"GM1980";"2021JJ00";;
"1176";"41300";"GM1774";"2021JJ00";"0.2";"4"
"1187";"41300";"GM0504";"2021JJ00";;
"1198";"41300";"GM0221";"2021JJ00";"0.2";"13.9"
"1209";"41300";"GM0222";"2021JJ00";"1";"9.1"
"1220";"41300";"GM0766";"2021JJ00";"0.3";"6"
"1231";"41300";"GM0058";"2021JJ00";;
"1242";"41300";"GM0505";"2021JJ00";"2.5";"11.8"
"1253";"41300";"GM0498";"2021JJ00";"0.2";"5.7"
"1264";"41300";"GM1719";"2021JJ00";"0.2";"4.9"
"1275";"41300";"GM0303";"2021JJ00";"0.6";"7.1"
"1286";"41300";"GM0225";"2021JJ00";"0.2";"5.9"
"1297";"41300";"GM0226";"2021JJ00";"0.3";"6.6"
"1308";"41300";"GM1711";"2021JJ00";"0.4";"8.2"
"1319";"41300";"GM0385";"2021JJ00";"0.3";"4.9"
"1330";"41300";"GM0228";"2021JJ00";"1.4";"5.5"
"1341";"41300";"GM0317";"2021JJ00";"0.1";"4.6"
"1352";"41300";"GM1979";"2021JJ00";"1.1";"14.7"
"1363";"41300";"GM1651";"2021JJ00";;
"1374";"41300";"GM0770";"2021JJ00";"0.1";"3.9"
"1385";"41300";"GM1903";"2021JJ00";"0.2";"3.9"
"1396";"41300";"GM0772";"2021JJ00";"4.7";"12.2"
"1407";"41300";"GM0230";"2021JJ00";"0.3";"6.3"
"1418";"41300";"GM0114";"2021JJ00";"2.1";"11.5"
"1429";"41300";"GM0388";"2021JJ00";"0.3";"8.7"
"1440";"41300";"GM0153";"2021JJ00";"4";"14.8"
"1451";"41300";"GM0232";"2021JJ00";"0.4";"6.5"
"1462";"41300";"GM0233";"2021JJ00";"0.3";"6.2"
"1473";"41300";"GM0777";"2021JJ00";"0.6";"7.4"
"1484";"41300";"GM1722";"2021JJ00";;
"1495";"41300";"GM0070";"2021JJ00";;
"1506";"41300";"GM1921";"2021JJ00";;
"1517";"41300";"GM1940";"2021JJ00";"0.6";"5.8"
"1528";"41300";"GM0653";"2021JJ00";;
"1539";"41300";"GM0779";"2021JJ00";"0.4";"8.9"
"1550";"41300";"GM0236";"2021JJ00";;
"1561";"41300";"GM1771";"2021JJ00";"0.5";"7.5"
"1572";"41300";"GM1652";"2021JJ00";"0.4";"6.5"
"1583";"41300";"GM0907";"2021JJ00";"0.2";"6.3"
"1594";"41300";"GM0689";"2021JJ00";;
"1605";"41300";"GM0784";"2021JJ00";"0.4";"8"
"1616";"41300";"GM0511";"2021JJ00";;
"1627";"41300";"GM1924";"2021JJ00";"0.5";"5.6"
"1638";"41300";"GM0664";"2021JJ00";"0.6";"8.7"
"1649";"41300";"GM0785";"2021JJ00";"0.2";"4.8"
"1660";"41300";"GM1942";"2021JJ00";"0.6";"4.7"
"1671";"41300";"GM0512";"2021JJ00";"0.7";"9.3"
"1682";"41300";"GM0513";"2021JJ00";"1.3";"9.7"
"1693";"41300";"GM0693";"2021JJ00";;
"1704";"41300";"GM0365";"2021JJ00";;
"1715";"41300";"GM0786";"2021JJ00";"0.2";"7.6"
"1726";"41300";"GM0518";"2021JJ00";"16.4";"16.3"
"1737";"41300";"GM0241";"2021JJ00";;
"1748";"41300";"GM0014";"2021JJ00";"4.5";"13.8"
"1759";"41300";"GM0015";"2021JJ00";;
"1770";"41300";"GM1729";"2021JJ00";"0.1";"6"
"1781";"41300";"GM0158";"2021JJ00";"0.3";"6.5"
"1792";"41300";"GM0788";"2021JJ00";;
"1803";"41300";"GM0392";"2021JJ00";"2.9";"9.2"
"1814";"41300";"GM0393";"2021JJ00";;
"1825";"41300";"GM0394";"2021JJ00";"2.1";"6.4"
"1836";"41300";"GM1655";"2021JJ00";"0.5";"9.5"
"1847";"41300";"GM0160";"2021JJ00";"0.6";"4.9"
"1858";"41300";"GM0243";"2021JJ00";"0.7";"7.3"
"1869";"41300";"GM0523";"2021JJ00";"0.2";"4.3"
"1880";"41300";"GM0017";"2021JJ00";;
"1891";"41300";"GM0395";"2021JJ00";;
"1902";"41300";"GM0072";"2021JJ00";"0.3";"10.9"
"1913";"41300";"GM0244";"2021JJ00";"0.1";"4"
"1924";"41300";"GM0396";"2021JJ00";"0.7";"10.4"
"1935";"41300";"GM0397";"2021JJ00";"0.2";"3.4"
"1946";"41300";"GM0246";"2021JJ00";"0.2";"5.4"
"1957";"41300";"GM0074";"2021JJ00";"0.7";"7.8"
"1968";"41300";"GM0398";"2021JJ00";"0.8";"6.4"
"1979";"41300";"GM0917";"2021JJ00";"2.8";"22.4"
"1990";"41300";"GM1658";"2021JJ00";"0.1";"4.1"
"2001";"41300";"GM0399";"2021JJ00";"0.2";"4.4"
"2012";"41300";"GM0400";"2021JJ00";"1.2";"13.4"
"2023";"41300";"GM0163";"2021JJ00";"0.4";"5"
"2034";"41300";"GM0530";"2021JJ00";"0.7";"10.1"
"2045";"41300";"GM0794";"2021JJ00";"2";"11.5"
"2056";"41300";"GM0531";"2021JJ00";"0.4";"5"
"2067";"41300";"GM0164";"2021JJ00";"1.3";"9.4"
"2078";"41300";"GM0796";"2021JJ00";"2.5";"9"
"2089";"41300";"GM0252";"2021JJ00";"0.2";"5.6"
"2100";"41300";"GM0797";"2021JJ00";"0.4";"5.3"
"2111";"41300";"GM0534";"2021JJ00";"0.3";"6.2"
"2122";"41300";"GM0798";"2021JJ00";"0.1";"4.3"
"2133";"41300";"GM0402";"2021JJ00";"1.6";"8.9"
"2144";"41300";"GM1963";"2021JJ00";"0.8";"4.7"
"2155";"41300";"GM1735";"2021JJ00";"0.3";"5.3"
"2166";"41300";"GM1966";"2021JJ00";"0.7";"7.9"
"2177";"41300";"GM1911";"2021JJ00";"0.6";"7"
"2188";"41300";"GM0118";"2021JJ00";"1";"9.3"
"2199";"41300";"GM0018";"2021JJ00";;
"2210";"41300";"GM0405";"2021JJ00";"1.3";"9.6"
"2221";"41300";"GM1507";"2021JJ00";"0.3";"4.1"
"2232";"41300";"GM0321";"2021JJ00";"0.5";"4.1"
"2243";"41300";"GM0406";"2021JJ00";"0.6";"8.3"
"2254";"41300";"GM0677";"2021JJ00";"0.3";"7.1"
"2265";"41300";"GM0353";"2021JJ00";"0.5";"6.8"
"2276";"41300";"GM1884";"2021JJ00";"0.3";"6.6"
"2287";"41300";"GM0166";"2021JJ00";"0.7";"5.9"
"2298";"41300";"GM0678";"2021JJ00";"0.1";"5"
"2309";"41300";"GM0537";"2021JJ00";"0.8";"5.4"
"2320";"41300";"GM0928";"2021JJ00";"1.2";"18.5"
"2331";"41300";"GM1598";"2021JJ00";"0.2";"4.4"
"2342";"41300";"GM0079";"2021JJ00";;
"2353";"41300";"GM0588";"2021JJ00";;
"2364";"41300";"GM0542";"2021JJ00";"0.5";"8.5"
"2375";"41300";"GM1931";"2021JJ00";"0.7";"6.1"
"2386";"41300";"GM1659";"2021JJ00";"0.2";"5.3"
"2397";"41300";"GM1982";"2021JJ00";;
"2408";"41300";"GM1685";"2021JJ00";"0.2";"5.3"
"2419";"41300";"GM0882";"2021JJ00";"0.8";"14.6"
"2430";"41300";"GM0415";"2021JJ00";"0.1";"6.2"
"2441";"41300";"GM0416";"2021JJ00";"0.4";"6.3"
"2452";"41300";"GM1621";"2021JJ00";"0.8";"4.9"
"2463";"41300";"GM0417";"2021JJ00";"0.1";"6.4"
"2474";"41300";"GM0022";"2021JJ00";;
"2485";"41300";"GM0545";"2021JJ00";;
"2496";"41300";"GM0080";"2021JJ00";"2.7";"12.7"
"2507";"41300";"GM0081";"2021JJ00";;
"2518";"41300";"GM0546";"2021JJ00";"2.2";"11.8"
"2529";"41300";"GM0547";"2021JJ00";"0.3";"6.1"
"2540";"41300";"GM1916";"2021JJ00";"1.4";"9.7"
"2551";"41300";"GM0995";"2021JJ00";"2";"12.3"
"2562";"41300";"GM0082";"2021JJ00";;
"2573";"41300";"GM1640";"2021JJ00";"0.3";"5.1"
"2584";"41300";"GM0327";"2021JJ00";"0.3";"4.3"
"2595";"41300";"GM0694";"2021JJ00";;
"2606";"41300";"GM0733";"2021JJ00";;
"2617";"41300";"GM1705";"2021JJ00";"0.4";"4.8"
"2628";"41300";"GM0553";"2021JJ00";"0.2";"5.7"
"2639";"41300";"GM0140";"2021JJ00";;
"2650";"41300";"GM0262";"2021JJ00";"0.3";"5.9"
"2661";"41300";"GM0809";"2021JJ00";"0.2";"6"
"2672";"41300";"GM0331";"2021JJ00";"0.2";"7.2"
"2683";"41300";"GM0024";"2021JJ00";;
"2694";"41300";"GM0168";"2021JJ00";"0.3";"7.4"
"2705";"41300";"GM1671";"2021JJ00";;
"2716";"41300";"GM0263";"2021JJ00";"0.3";"5.6"
"2727";"41300";"GM1641";"2021JJ00";"0.2";"5.2"
"2738";"41300";"GM1991";"2021JJ00";;
"2749";"41300";"GM0556";"2021JJ00";"0.8";"12.7"
"2760";"41300";"GM0935";"2021JJ00";"2.2";"15.6"
"2771";"41300";"GM1663";"2021JJ00";;
"2782";"41300";"GM0025";"2021JJ00";;
"2793";"41300";"GM0420";"2021JJ00";"0.6";"6.9"
"2804";"41300";"GM0938";"2021JJ00";"0.2";"5.3"
"2815";"41300";"GM1948";"2021JJ00";"0.9";"5.7"
"2826";"41300";"GM1908";"2021JJ00";;
"2837";"41300";"GM1987";"2021JJ00";;
"2848";"41300";"GM0119";"2021JJ00";"0.5";"7.7"
"2859";"41300";"GM0687";"2021JJ00";"0.9";"9.9"
"2870";"41300";"GM0559";"2021JJ00";;
"2881";"41300";"GM1842";"2021JJ00";"0.2";"5.2"
"2892";"41300";"GM1731";"2021JJ00";"0.3";"5.5"
"2903";"41300";"GM1952";"2021JJ00";"1.3";"12.2"
"2914";"41300";"GM0815";"2021JJ00";"0.1";"6"
"2925";"41300";"GM0265";"2021JJ00";;
"2936";"41300";"GM1709";"2021JJ00";"0.4";"6.5"
"2947";"41300";"GM1978";"2021JJ00";"0.4";"4"
"2958";"41300";"GM1927";"2021JJ00";;
"2969";"41300";"GM1955";"2021JJ00";"0.5";"8"
"2980";"41300";"GM0335";"2021JJ00";"0.1";"4.9"
"2991";"41300";"GM0944";"2021JJ00";"0";"3.9"
"3002";"41300";"GM0424";"2021JJ00";;
"3013";"41300";"GM0425";"2021JJ00";;
"3024";"41300";"GM1740";"2021JJ00";"0.3";"5.1"
"3035";"41300";"GM0643";"2021JJ00";;
"3046";"41300";"GM0946";"2021JJ00";"0.1";"4.5"
"3057";"41300";"GM0304";"2021JJ00";;
"3068";"41300";"GM0412";"2021JJ00";;
"3079";"41300";"GM0356";"2021JJ00";"1";"8.9"
"3090";"41300";"GM0569";"2021JJ00";"0.2";"4.6"
"3101";"41300";"GM0571";"2021JJ00";;
"3112";"41300";"GM0267";"2021JJ00";"0.4";"4.7"
"3123";"41300";"GM0268";"2021JJ00";"3.5";"12.7"
"3134";"41300";"GM1930";"2021JJ00";"2";"12.8"
"3145";"41300";"GM1970";"2021JJ00";"0.7";"7.4"
"3156";"41300";"GM1695";"2021JJ00";"0.1";"7.5"
"3167";"41300";"GM1699";"2021JJ00";"0.4";"7"
"3178";"41300";"GM0171";"2021JJ00";"0.8";"8.3"
"3189";"41300";"GM0575";"2021JJ00";"0.4";"5.3"
"3200";"41300";"GM0576";"2021JJ00";;
"3211";"41300";"GM0820";"2021JJ00";"0.3";"6.1"
"3222";"41300";"GM0302";"2021JJ00";"0.3";"4.9"
"3233";"41300";"GM0951";"2021JJ00";;
"3244";"41300";"GM0579";"2021JJ00";"0.3";"4.7"
"3255";"41300";"GM0823";"2021JJ00";"0.1";"4.5"
"3266";"41300";"GM0824";"2021JJ00";"0.3";"4.6"
"3277";"41300";"GM1895";"2021JJ00";"0.8";"13.3"
"3288";"41300";"GM0269";"2021JJ00";"0.3";"4.9"
"3299";"41300";"GM0173";"2021JJ00";"0.4";"7"
"3310";"41300";"GM1773";"2021JJ00";"0.2";"5.6"
"3321";"41300";"GM0175";"2021JJ00";"0.2";"6.7"
"3332";"41300";"GM0881";"2021JJ00";;
"3343";"41300";"GM1586";"2021JJ00";"0.2";"4.5"
"3354";"41300";"GM0826";"2021JJ00";"0.9";"9.3"
"3365";"41300";"GM0580";"2021JJ00";;
"3376";"41300";"GM0085";"2021JJ00";"0.4";"8.6"
"3387";"41300";"GM0431";"2021JJ00";"0.1";"6.3"
"3398";"41300";"GM0432";"2021JJ00";"0.1";"4.7"
"3409";"41300";"GM0086";"2021JJ00";"0.4";"6.9"
"3420";"41300";"GM0828";"2021JJ00";"1.4";"8.6"
"3431";"41300";"GM0584";"2021JJ00";;
"3442";"41300";"GM1509";"2021JJ00";"0.5";"8.2"
"3453";"41300";"GM0437";"2021JJ00";"0.2";"6.5"
"3464";"41300";"GM0644";"2021JJ00";;
"3475";"41300";"GM0589";"2021JJ00";"0.1";"7"
"3486";"41300";"GM1734";"2021JJ00";"0.5";"5.2"
"3497";"41300";"GM0590";"2021JJ00";"0.5";"8.4"
"3508";"41300";"GM1894";"2021JJ00";"0.4";"5.8"
"3519";"41300";"GM0765";"2021JJ00";"0.3";"15.6"
"3530";"41300";"GM1926";"2021JJ00";"0.6";"4.6"
"3541";"41300";"GM0439";"2021JJ00";"1.4";"9.6"
"3552";"41300";"GM0273";"2021JJ00";"0.3";"5.3"
"3563";"41300";"GM0177";"2021JJ00";"0.4";"5.1"
"3574";"41300";"GM0703";"2021JJ00";"0.3";"5"
"3585";"41300";"GM0274";"2021JJ00";"0.4";"8"
"3596";"41300";"GM0339";"2021JJ00";"0";"2.7"
"3607";"41300";"GM1667";"2021JJ00";"0.1";"4.6"
"3618";"41300";"GM0275";"2021JJ00";"0.8";"11.4"
"3629";"41300";"GM0340";"2021JJ00";"0.2";"5.3"
"3640";"41300";"GM0597";"2021JJ00";"0.9";"11"
"3651";"41300";"GM0196";"2021JJ00";;
"3662";"41300";"GM1672";"2021JJ00";;
"3673";"41300";"GM1742";"2021JJ00";"0.4";"4.3"
"3684";"41300";"GM0603";"2021JJ00";"1.4";"13.8"
"3695";"41300";"GM1669";"2021JJ00";"0.2";"8.1"
"3706";"41300";"GM0957";"2021JJ00";"1.3";"12.9"
"3717";"41300";"GM0736";"2021JJ00";"0.5";"6.1"
"3728";"41300";"GM1674";"2021JJ00";"1.5";"11.4"
"3739";"41300";"GM0599";"2021JJ00";"22.3";"19.8"
"3750";"41300";"GM0277";"2021JJ00";"0";"2"
"3761";"41300";"GM0840";"2021JJ00";"0.3";"8.4"
"3772";"41300";"GM0441";"2021JJ00";"0.4";"5.3"
"3783";"41300";"GM0458";"2021JJ00";;
"3794";"41300";"GM0279";"2021JJ00";"0.1";"4.7"
"3805";"41300";"GM0606";"2021JJ00";"2";"14.4"
"3816";"41300";"GM0088";"2021JJ00";"0";"6.3"
"3827";"41300";"GM0844";"2021JJ00";;
"3838";"41300";"GM0962";"2021JJ00";;
"3849";"41300";"GM0608";"2021JJ00";;
"3860";"41300";"GM1676";"2021JJ00";"0.4";"7"
"3871";"41300";"GM0965";"2021JJ00";"0.1";"8.5"
"3882";"41300";"GM1702";"2021JJ00";"0.1";"4.2"
"3893";"41300";"GM0845";"2021JJ00";"0.2";"3.6"
"3904";"41300";"GM0846";"2021JJ00";;
"3915";"41300";"GM1883";"2021JJ00";"1.7";"13"
"3926";"41300";"GM0051";"2021JJ00";;
"3937";"41300";"GM0610";"2021JJ00";"0.4";"8.4"
"3948";"41300";"GM0040";"2021JJ00";;
"3959";"41300";"GM1714";"2021JJ00";"0.2";"7.1"
"3970";"41300";"GM0090";"2021JJ00";"1.1";"10.3"
"3981";"41300";"GM0342";"2021JJ00";"0.7";"7.5"
"3992";"41300";"GM0847";"2021JJ00";"0.2";"6.1"
"4003";"41300";"GM0848";"2021JJ00";"0.2";"5.2"
"4014";"41300";"GM0612";"2021JJ00";;
"4025";"41300";"GM0037";"2021JJ00";"0.6";"12"
"4036";"41300";"GM0180";"2021JJ00";"0.1";"2.8"
"4047";"41300";"GM0532";"2021JJ00";"0.3";"7.6"
"4058";"41300";"GM0851";"2021JJ00";"0.3";"7.4"
"4069";"41300";"GM1708";"2021JJ00";"0.6";"7"
"4080";"41300";"GM0971";"2021JJ00";"0.3";"7.8"
"4091";"41300";"GM1904";"2021JJ00";"0.7";"5.3"
"4102";"41300";"GM0617";"2021JJ00";;
"4113";"41300";"GM1900";"2021JJ00";"1.4";"8.3"
"4124";"41300";"GM0715";"2021JJ00";"0.9";"10"
"4135";"41300";"GM0093";"2021JJ00";"0";"3.4"
"4146";"41300";"GM0448";"2021JJ00";"0.2";"7.7"
"4157";"41300";"GM1525";"2021JJ00";"0.3";"4.1"
"4168";"41300";"GM0716";"2021JJ00";"0.3";"5.2"
"4179";"41300";"GM0281";"2021JJ00";"0.8";"10.4"
"4190";"41300";"GM0855";"2021JJ00";"4.8";"12.8"
"4201";"41300";"GM0183";"2021JJ00";"0.1";"3.2"
"4212";"41300";"GM1700";"2021JJ00";"0.4";"6"
"4223";"41300";"GM1730";"2021JJ00";"0.3";"4.7"
"4234";"41300";"GM0737";"2021JJ00";"0.4";"5.9"
"4245";"41300";"GM0282";"2021JJ00";;
"4256";"41300";"GM0856";"2021JJ00";"0.6";"7.6"
"4267";"41300";"GM0450";"2021JJ00";"0.1";"5.2"
"4278";"41300";"GM0451";"2021JJ00";"0.5";"8.9"
"4289";"41300";"GM0184";"2021JJ00";"0.2";"3.3"
"4300";"41300";"GM0344";"2021JJ00";"7.1";"10.4"
"4311";"41300";"GM1581";"2021JJ00";"0.5";"5.6"
"4322";"41300";"GM0981";"2021JJ00";"0.1";"11.7"
"4333";"41300";"GM0994";"2021JJ00";"0.2";"7.9"
"4344";"41300";"GM0858";"2021JJ00";"0.4";"7.4"
"4355";"41300";"GM0047";"2021JJ00";"0.6";"12.7"
"4366";"41300";"GM0345";"2021JJ00";"1.1";"7.8"
"4377";"41300";"GM0717";"2021JJ00";"0.1";"3.7"
"4388";"41300";"GM0860";"2021JJ00";;
"4399";"41300";"GM0861";"2021JJ00";"0.5";"5.9"
"4410";"41300";"GM0453";"2021JJ00";"1.2";"10.1"
"4421";"41300";"GM0983";"2021JJ00";"2.1";"12.2"
"4432";"41300";"GM0984";"2021JJ00";"0.6";"8.6"
"4443";"41300";"GM0620";"2021JJ00";;
"4454";"41300";"GM1961";"2021JJ00";"0.8";"6.8"
"4465";"41300";"GM0622";"2021JJ00";"2";"15.2"
"4476";"41300";"GM0048";"2021JJ00";;
"4487";"41300";"GM0096";"2021JJ00";"0";"6.3"
"4498";"41300";"GM0718";"2021JJ00";"1";"13.5"
"4509";"41300";"GM0623";"2021JJ00";;
"4520";"41300";"GM0986";"2021JJ00";"0.2";"8.3"
"4531";"41300";"GM0626";"2021JJ00";"0.3";"5.9"
"4542";"41300";"GM0285";"2021JJ00";"0.2";"3.3"
"4553";"41300";"GM0865";"2021JJ00";"0.3";"4.2"
"4564";"41300";"GM1949";"2021JJ00";"0.6";"7.5"
"4575";"41300";"GM0866";"2021JJ00";"0.2";"5.2"
"4586";"41300";"GM0867";"2021JJ00";"0.6";"7.4"
"4597";"41300";"GM0627";"2021JJ00";"0.4";"5.8"
"4608";"41300";"GM0289";"2021JJ00";"0.5";"9.1"
"4619";"41300";"GM0629";"2021JJ00";"0.4";"7.8"
"4630";"41300";"GM0852";"2021JJ00";"0.2";"6.4"
"4641";"41300";"GM0988";"2021JJ00";"0.7";"9"
"4652";"41300";"GM0457";"2021JJ00";"0.3";"7.7"
"4663";"41300";"GM0870";"2021JJ00";;
"4674";"41300";"GM1960";"2021JJ00";"0.5";"4.3"
"4685";"41300";"GM0668";"2021JJ00";"0.2";"5.7"
"4696";"41300";"GM1969";"2021JJ00";"0.7";"5.5"
"4707";"41300";"GM1701";"2021JJ00";"0.2";"5.6"
"4718";"41300";"GM0293";"2021JJ00";"0.3";"11.2"
"4729";"41300";"GM1950";"2021JJ00";"0.4";"11.2"
"4740";"41300";"GM1783";"2021JJ00";"1.3";"5.7"
"4751";"41300";"GM0098";"2021JJ00";"0.3";"7.1"
"4762";"41300";"GM0614";"2021JJ00";"0.2";"7.1"
"4773";"41300";"GM0189";"2021JJ00";"0.2";"3.4"
"4784";"41300";"GM0462";"2021JJ00";;
"4795";"41300";"GM0463";"2021JJ00";;
"4806";"41300";"GM0296";"2021JJ00";"0.5";"7"
"4817";"41300";"GM1696";"2021JJ00";"0.2";"4.5"
"4828";"41300";"GM0352";"2021JJ00";"0.3";"5.9"
"4839";"41300";"GM0053";"2021JJ00";;
"4850";"41300";"GM0294";"2021JJ00";"0.3";"7"
"4861";"41300";"GM0873";"2021JJ00";"0.2";"7"
"4872";"41300";"GM0632";"2021JJ00";"0.7";"5.9"
"4883";"41300";"GM1690";"2021JJ00";"0.2";"5.5"
"4894";"41300";"GM0880";"2021JJ00";"0.2";"8.1"
"4905";"41300";"GM0351";"2021JJ00";"0.1";"4.6"
"4916";"41300";"GM0874";"2021JJ00";;
"4927";"41300";"GM0479";"2021JJ00";"3.5";"11.7"
"4938";"41300";"GM0297";"2021JJ00";"0.4";"5.5"
"4949";"41300";"GM0473";"2021JJ00";"0.3";"12.8"
"4960";"41300";"GM0707";"2021JJ00";;
"4971";"41300";"GM0478";"2021JJ00";;
"4982";"41300";"GM0050";"2021JJ00";"0.3";"6.2"
"4993";"41300";"GM0355";"2021JJ00";"1.2";"9.1"
"5004";"41300";"GM0299";"2021JJ00";"0.6";"8.4"
"5015";"41300";"GM0476";"2021JJ00";;
"5026";"41300";"GM0637";"2021JJ00";"2.7";"11.3"
"5037";"41300";"GM0638";"2021JJ00";"0.1";"4.4"
"5048";"41300";"GM0056";"2021JJ00";;
"5059";"41300";"GM1892";"2021JJ00";"0.5";"5.6"
"5070";"41300";"GM0879";"2021JJ00";"0.3";"7.8"
"5081";"41300";"GM0301";"2021JJ00";"0.8";"10"
"5092";"41300";"GM1896";"2021JJ00";"0.2";"3.9"
"5103";"41300";"GM0642";"2021JJ00";"1.2";"14.1"
"5114";"41300";"GM0193";"2021JJ00";"2.2";"8.6"
"5125";"53991";"NL01  ";"2021JJ00";"93.7";"9.5"
"5136";"53991";"LD01  ";"2021JJ00";"9";"10.1"
"5147";"53991";"LD02  ";"2021JJ00";"17";"8"
"5158";"53991";"LD03  ";"2021JJ00";"50.6";"10.3"
"5169";"53991";"LDG4  ";"2021JJ00";;
"5180";"53991";"LD04  ";"2021JJ00";"17.2";"9"
"5191";"53991";"LDZZ  ";"2021JJ00";;
"5202";"53991";"LD98  ";"2021JJ00";;
"5213";"53991";"LD99  ";"2021JJ00";;
"5224";"53991";"PV20  ";"2021JJ00";"3.5";"12.2"
"5235";"53991";"PV21  ";"2021JJ00";"3.3";"9.4"
"5246";"53991";"PV22  ";"2021JJ00";"2.2";"8.6"
"5257";"53991";"PV23  ";"2021JJ00";"5.3";"7.9"
"5268";"53991";"PV24  ";"2021JJ00";"2.7";"9.6"
"5279";"53991";"PV25  ";"2021JJ00";"8.9";"7.6"
"5290";"53991";"PV26  ";"2021JJ00";"6.5";"7.5"
"5301";"53991";"PV27  ";"2021JJ00";"16.9";"10.2"
"5312";"53991";"PV28  ";"2021JJ00";"25.5";"11.5"
"5323";"53991";"PV29  ";"2021JJ00";"1.7";"8.3"
"5334";"53991";"PV30  ";"2021JJ00";"11.4";"8.2"
"5345";"53991";"PV31  ";"2021JJ00";"5.7";"11.2"
"5356";"53991";"GM1680";"2021JJ00";"0.1";"7.2"
"5367";"53991";"GM0738";"2021JJ00";;
"5378";"53991";"GM0358";"2021JJ00";"0.1";"4.5"
"5389";"53991";"GM0197";"2021JJ00";"0.1";"4.9"
"5400";"53991";"GM0059";"2021JJ00";"0.1";"6.9"
"5411";"53991";"GM0482";"2021JJ00";"0.1";"6.5"
"5422";"53991";"GM0613";"2021JJ00";"0.1";"6.6"
"5433";"53991";"GM0361";"2021JJ00";"0.6";"9.6"
"5444";"53991";"GM0141";"2021JJ00";"0.5";"13.4"
"5455";"53991";"GM0034";"2021JJ00";"1.5";"10.4"
"5466";"53991";"GM0484";"2021JJ00";"0.4";"6.1"
"5477";"53991";"GM1723";"2021JJ00";"0";"5.1"
"5488";"53991";"GM1959";"2021JJ00";"0.2";"5"
"5499";"53991";"GM0060";"2021JJ00";"0";"3.7"
"5510";"53991";"GM0307";"2021JJ00";"0.7";"7.2"
"5521";"53991";"GM0362";"2021JJ00";"0.3";"6.3"
"5532";"53991";"GM0363";"2021JJ00";"7.4";"15.3"
"5543";"53991";"GM0366";"2021JJ00";;
"5554";"53991";"GM0200";"2021JJ00";"0.8";"8.3"
"5565";"53991";"GM0003";"2021JJ00";;
"5576";"53991";"GM0202";"2021JJ00";"1.3";"14.6"
"5587";"53991";"GM0106";"2021JJ00";"0.4";"10.1"
"5598";"53991";"GM0743";"2021JJ00";"0";"4.9"
"5609";"53991";"GM0744";"2021JJ00";"0";"6"
"5620";"53991";"GM0308";"2021JJ00";"0.1";"6.8"
"5631";"53991";"GM0489";"2021JJ00";"0.1";"5.2"
"5642";"53991";"GM0203";"2021JJ00";"0.2";"3.5"
"5653";"53991";"GM0005";"2021JJ00";;
"5664";"53991";"GM0888";"2021JJ00";"0.1";"8.4"
"5675";"53991";"GM1954";"2021JJ00";"0.1";"8.3"
"5686";"53991";"GM0370";"2021JJ00";"0";"5.2"
"5697";"53991";"GM0889";"2021JJ00";"0.1";"11.4"
"5708";"53991";"GM0007";"2021JJ00";;
"5719";"53991";"GM1945";"2021JJ00";"0.2";"9.6"
"5730";"53991";"GM0491";"2021JJ00";;
"5741";"53991";"GM1724";"2021JJ00";"0";"4.2"
"5752";"53991";"GM0893";"2021JJ00";"0";"6.7"
"5763";"53991";"GM0373";"2021JJ00";"0.1";"7.1"
"5774";"53991";"GM0748";"2021JJ00";"0.5";"13.2"
"5785";"53991";"GM1859";"2021JJ00";"0.1";"6.3"
"5796";"53991";"GM1721";"2021JJ00";"0.1";"4.5"
"5807";"53991";"GM0568";"2021JJ00";;
"5818";"53991";"GM0753";"2021JJ00";"0.1";"5.5"
"5829";"53991";"GM0209";"2021JJ00";"0.1";"5.2"
"5840";"53991";"GM0375";"2021JJ00";"0.3";"10.9"
"5851";"53991";"GM0063";"2021JJ00";;
"5862";"53991";"GM0310";"2021JJ00";"0.2";"7.6"
"5873";"53991";"GM0585";"2021JJ00";;
"5884";"53991";"GM1728";"2021JJ00";"0";"3.7"
"5895";"53991";"GM0376";"2021JJ00";"0.1";"5.4"
"5906";"53991";"GM0377";"2021JJ00";"0.1";"4.7"
"5917";"53991";"GM0055";"2021JJ00";;
"5928";"53991";"GM1901";"2021JJ00";"0.1";"4.8"
"5939";"53991";"GM0755";"2021JJ00";"0";"3.5"
"5950";"53991";"GM0009";"2021JJ00";;
"5961";"53991";"GM1681";"2021JJ00";"0.1";"6.6"
"5972";"53991";"GM0147";"2021JJ00";"0.1";"4.5"
"5983";"53991";"GM0654";"2021JJ00";"0.1";"4.6"
"5994";"53991";"GM0499";"2021JJ00";;
"6005";"53991";"GM0756";"2021JJ00";"0.1";"7.4"
"6016";"53991";"GM0757";"2021JJ00";"0.1";"8.7"
"6027";"53991";"GM0758";"2021JJ00";"1";"9.5"
"6038";"53991";"GM0501";"2021JJ00";"0.1";"7"
"6049";"53991";"GM1876";"2021JJ00";"0.1";"4.4"
"6060";"53991";"GM0213";"2021JJ00";"0.1";"5.6"
"6071";"53991";"GM0899";"2021JJ00";"0.1";"10.7"
"6082";"53991";"GM0312";"2021JJ00";"0";"3.3"
"6093";"53991";"GM0313";"2021JJ00";"0.1";"3.6"
"6104";"53991";"GM0214";"2021JJ00";"0.1";"5.8"
"6115";"53991";"GM0381";"2021JJ00";;
"6126";"53991";"GM0502";"2021JJ00";"0.5";"13.5"
"6137";"53991";"GM0383";"2021JJ00";"0.1";"4.2"
"6148";"53991";"GM0109";"2021JJ00";"0.2";"10.5"
"6159";"53991";"GM1706";"2021JJ00";"0.1";"6.4"
"6170";"53991";"GM0611";"2021JJ00";;
"6181";"53991";"GM1684";"2021JJ00";"0.1";"7.8"
"6192";"53991";"GM0216";"2021JJ00";"0.1";"6.5"
"6203";"53991";"GM0148";"2021JJ00";"0.1";"3.4"
"6214";"53991";"GM1891";"2021JJ00";"0.1";"7.7"
"6225";"53991";"GM0503";"2021JJ00";"0.7";"14.1"
"6236";"53991";"GM0010";"2021JJ00";;
"6247";"53991";"GM0762";"2021JJ00";"0.1";"4.3"
"6258";"53991";"GM0150";"2021JJ00";"0.6";"11.1"
"6269";"53991";"GM0384";"2021JJ00";"0.2";"8.9"
"6280";"53991";"GM1980";"2021JJ00";;
"6291";"53991";"GM1774";"2021JJ00";"0.1";"3.7"
"6302";"53991";"GM0504";"2021JJ00";;
"6313";"53991";"GM0221";"2021JJ00";"0.1";"15"
"6324";"53991";"GM0222";"2021JJ00";"0.3";"9.4"
"6335";"53991";"GM0766";"2021JJ00";"0.1";"6.3"
"6346";"53991";"GM0058";"2021JJ00";;
"6357";"53991";"GM0505";"2021JJ00";"0.8";"11.9"
"6368";"53991";"GM0498";"2021JJ00";"0.1";"7.3"
"6379";"53991";"GM1719";"2021JJ00";"0.1";"4.6"
"6390";"53991";"GM0303";"2021JJ00";"0.2";"7.5"
"6401";"53991";"GM0225";"2021JJ00";"0.1";"5.4"
"6412";"53991";"GM0226";"2021JJ00";"0.1";"5.9"
"6423";"53991";"GM1711";"2021JJ00";"0.1";"9.5"
"6434";"53991";"GM0385";"2021JJ00";"0.1";"5.1"
"6445";"53991";"GM0228";"2021JJ00";"0.4";"4.9"
"6456";"53991";"GM0317";"2021JJ00";"0";"5.9"
"6467";"53991";"GM1979";"2021JJ00";"0.4";"17.8"
"6478";"53991";"GM1651";"2021JJ00";;
"6489";"53991";"GM0770";"2021JJ00";"0";"4.4"
"6500";"53991";"GM1903";"2021JJ00";"0";"3"
"6511";"53991";"GM0772";"2021JJ00";"1.4";"11.6"
"6522";"53991";"GM0230";"2021JJ00";"0.1";"6.7"
"6533";"53991";"GM0114";"2021JJ00";"0.6";"11.9"
"6544";"53991";"GM0388";"2021JJ00";"0.1";"6.5"
"6555";"53991";"GM0153";"2021JJ00";"1.3";"15.5"
"6566";"53991";"GM0232";"2021JJ00";"0.1";"6.4"
"6577";"53991";"GM0233";"2021JJ00";"0.1";"6.4"
"6588";"53991";"GM0777";"2021JJ00";"0.2";"7.6"
"6599";"53991";"GM1722";"2021JJ00";;
"6610";"53991";"GM0070";"2021JJ00";;
"6621";"53991";"GM1921";"2021JJ00";;
"6632";"53991";"GM1940";"2021JJ00";"0.2";"5.9"
"6643";"53991";"GM0653";"2021JJ00";;
"6654";"53991";"GM0779";"2021JJ00";"0.1";"11.4"
"6665";"53991";"GM0236";"2021JJ00";;
"6676";"53991";"GM1771";"2021JJ00";"0.2";"7.2"
"6687";"53991";"GM1652";"2021JJ00";"0.1";"6.3"
"6698";"53991";"GM0907";"2021JJ00";"0.1";"7.5"
"6709";"53991";"GM0689";"2021JJ00";;
"6720";"53991";"GM0784";"2021JJ00";"0.1";"6.7"
"6731";"53991";"GM0511";"2021JJ00";;
"6742";"53991";"GM1924";"2021JJ00";"0.2";"5.8"
"6753";"53991";"GM0664";"2021JJ00";"0.2";"8.9"
"6764";"53991";"GM0785";"2021JJ00";"0.1";"4.5"
"6775";"53991";"GM1942";"2021JJ00";"0.2";"5"
"6786";"53991";"GM0512";"2021JJ00";"0.2";"9.6"
"6797";"53991";"GM0513";"2021JJ00";"0.4";"8.7"
"6808";"53991";"GM0693";"2021JJ00";;
"6819";"53991";"GM0365";"2021JJ00";;
"6830";"53991";"GM0786";"2021JJ00";"0";"8.1"
"6841";"53991";"GM0518";"2021JJ00";"5.7";"17.2"
"6852";"53991";"GM0241";"2021JJ00";;
"6863";"53991";"GM0014";"2021JJ00";"1.4";"13.2"
"6874";"53991";"GM0015";"2021JJ00";;
"6885";"53991";"GM1729";"2021JJ00";"0";"5.6"
"6896";"53991";"GM0158";"2021JJ00";"0.1";"5.6"
"6907";"53991";"GM0788";"2021JJ00";;
"6918";"53991";"GM0392";"2021JJ00";"0.9";"8.4"
"6929";"53991";"GM0393";"2021JJ00";;
"6940";"53991";"GM0394";"2021JJ00";"0.6";"7.1"
"6951";"53991";"GM1655";"2021JJ00";"0.2";"9.9"
"6962";"53991";"GM0160";"2021JJ00";"0.2";"5.1"
"6973";"53991";"GM0243";"2021JJ00";"0.2";"6.9"
"6984";"53991";"GM0523";"2021JJ00";"0.1";"4.4"
"6995";"53991";"GM0017";"2021JJ00";;
"7006";"53991";"GM0395";"2021JJ00";;
"7017";"53991";"GM0072";"2021JJ00";"0.1";"14.2"
"7028";"53991";"GM0244";"2021JJ00";"0";"2.9"
"7039";"53991";"GM0396";"2021JJ00";"0.2";"10.8"
"7050";"53991";"GM0397";"2021JJ00";"0.1";"3.1"
"7061";"53991";"GM0246";"2021JJ00";"0.1";"6.6"
"7072";"53991";"GM0074";"2021JJ00";"0.2";"9.1"
"7083";"53991";"GM0398";"2021JJ00";"0.2";"6.4"
"7094";"53991";"GM0917";"2021JJ00";"0.9";"23.6"
"7105";"53991";"GM1658";"2021JJ00";"0";"4.7"
"7116";"53991";"GM0399";"2021JJ00";"0.1";"4.4"
"7127";"53991";"GM0400";"2021JJ00";"0.4";"13.9"
"7138";"53991";"GM0163";"2021JJ00";"0.1";"4.7"
"7149";"53991";"GM0530";"2021JJ00";"0.2";"10.1"
"7160";"53991";"GM0794";"2021JJ00";"0.6";"12"
"7171";"53991";"GM0531";"2021JJ00";"0.1";"3.6"
"7182";"53991";"GM0164";"2021JJ00";"0.4";"9.4"
"7193";"53991";"GM0796";"2021JJ00";"0.7";"8.4"
"7204";"53991";"GM0252";"2021JJ00";"0.1";"6.5"
"7215";"53991";"GM0797";"2021JJ00";"0.1";"5"
"7226";"53991";"GM0534";"2021JJ00";"0.1";"5.5"
"7237";"53991";"GM0798";"2021JJ00";"0";"3.6"
"7248";"53991";"GM0402";"2021JJ00";"0.5";"9.4"
"7259";"53991";"GM1963";"2021JJ00";"0.2";"4.5"
"7270";"53991";"GM1735";"2021JJ00";"0.1";"5.5"
"7281";"53991";"GM1966";"2021JJ00";"0.2";"8.1"
"7292";"53991";"GM1911";"2021JJ00";"0.2";"8.1"
"7303";"53991";"GM0118";"2021JJ00";"0.3";"9.9"
"7314";"53991";"GM0018";"2021JJ00";;
"7325";"53991";"GM0405";"2021JJ00";"0.4";"9.5"
"7336";"53991";"GM1507";"2021JJ00";"0.1";"4.2"
"7347";"53991";"GM0321";"2021JJ00";"0.1";"4.5"
"7358";"53991";"GM0406";"2021JJ00";"0.2";"7.9"
"7369";"53991";"GM0677";"2021JJ00";"0.1";"7.5"
"7380";"53991";"GM0353";"2021JJ00";"0.1";"6.3"
"7391";"53991";"GM1884";"2021JJ00";"0.1";"6.2"
"7402";"53991";"GM0166";"2021JJ00";"0.2";"5.7"
"7413";"53991";"GM0678";"2021JJ00";"0";"4.1"
"7424";"53991";"GM0537";"2021JJ00";"0.2";"4.9"
"7435";"53991";"GM0928";"2021JJ00";"0.4";"18.7"
"7446";"53991";"GM1598";"2021JJ00";"0.1";"4"
"7457";"53991";"GM0079";"2021JJ00";;
"7468";"53991";"GM0588";"2021JJ00";;
"7479";"53991";"GM0542";"2021JJ00";"0.1";"6.8"
"7490";"53991";"GM1931";"2021JJ00";"0.2";"5.7"
"7501";"53991";"GM1659";"2021JJ00";"0.1";"4.5"
"7512";"53991";"GM1982";"2021JJ00";;
"7523";"53991";"GM1685";"2021JJ00";"0";"5"
"7534";"53991";"GM0882";"2021JJ00";"0.2";"12.3"
"7545";"53991";"GM0415";"2021JJ00";"0";"6.4"
"7556";"53991";"GM0416";"2021JJ00";"0.1";"6.5"
"7567";"53991";"GM1621";"2021JJ00";"0.2";"4.8"
"7578";"53991";"GM0417";"2021JJ00";"0";"5"
"7589";"53991";"GM0022";"2021JJ00";;
"7600";"53991";"GM0545";"2021JJ00";;
"7611";"53991";"GM0080";"2021JJ00";"0.9";"13.7"
"7622";"53991";"GM0081";"2021JJ00";;
"7633";"53991";"GM0546";"2021JJ00";"0.6";"10.7"
"7644";"53991";"GM0547";"2021JJ00";"0.1";"5"
"7655";"53991";"GM1916";"2021JJ00";"0.5";"10.2"
"7666";"53991";"GM0995";"2021JJ00";"0.6";"13"
"7677";"53991";"GM0082";"2021JJ00";;
"7688";"53991";"GM1640";"2021JJ00";"0.1";"5"
"7699";"53991";"GM0327";"2021JJ00";"0.1";"4"
"7710";"53991";"GM0694";"2021JJ00";;
"7721";"53991";"GM0733";"2021JJ00";;
"7732";"53991";"GM1705";"2021JJ00";"0.1";"4.2"
"7743";"53991";"GM0553";"2021JJ00";"0.1";"5.1"
"7754";"53991";"GM0140";"2021JJ00";;
"7765";"53991";"GM0262";"2021JJ00";"0.1";"5.8"
"7776";"53991";"GM0809";"2021JJ00";"0.1";"6.3"
"7787";"53991";"GM0331";"2021JJ00";"0.1";"7.3"
"7798";"53991";"GM0024";"2021JJ00";;
"7809";"53991";"GM0168";"2021JJ00";"0.1";"8.8"
"7820";"53991";"GM1671";"2021JJ00";;
"7831";"53991";"GM0263";"2021JJ00";"0.1";"6.2"
"7842";"53991";"GM1641";"2021JJ00";"0";"4.4"
"7853";"53991";"GM1991";"2021JJ00";;
"7864";"53991";"GM0556";"2021JJ00";"0.3";"12.3"
"7875";"53991";"GM0935";"2021JJ00";"0.8";"16.8"
"7886";"53991";"GM1663";"2021JJ00";;
"7897";"53991";"GM0025";"2021JJ00";;
"7908";"53991";"GM0420";"2021JJ00";"0.2";"7.2"
"7919";"53991";"GM0938";"2021JJ00";"0";"4.7"
"7930";"53991";"GM1948";"2021JJ00";"0.3";"5.5"
"7941";"53991";"GM1908";"2021JJ00";;
"7952";"53991";"GM1987";"2021JJ00";;
"7963";"53991";"GM0119";"2021JJ00";"0.2";"8.5"
"7974";"53991";"GM0687";"2021JJ00";"0.3";"11.4"
"7985";"53991";"GM0559";"2021JJ00";;
"7996";"53991";"GM1842";"2021JJ00";"0.1";"4.9"
"8007";"53991";"GM1731";"2021JJ00";"0.1";"6"
"8018";"53991";"GM1952";"2021JJ00";"0.4";"13.6"
"8029";"53991";"GM0815";"2021JJ00";"0";"5.4"
"8040";"53991";"GM0265";"2021JJ00";;
"8051";"53991";"GM1709";"2021JJ00";"0.1";"7.1"
"8062";"53991";"GM1978";"2021JJ00";"0.1";"4.2"
"8073";"53991";"GM1927";"2021JJ00";;
"8084";"53991";"GM1955";"2021JJ00";"0.2";"8.8"
"8095";"53991";"GM0335";"2021JJ00";"0";"5.3"
"8106";"53991";"GM0944";"2021JJ00";"0";"5.6"
"8117";"53991";"GM0424";"2021JJ00";;
"8128";"53991";"GM0425";"2021JJ00";;
"8139";"53991";"GM1740";"2021JJ00";"0.1";"4.6"
"8150";"53991";"GM0643";"2021JJ00";;
"8161";"53991";"GM0946";"2021JJ00";"0";"3.3"
"8172";"53991";"GM0304";"2021JJ00";;
"8183";"53991";"GM0412";"2021JJ00";;
"8194";"53991";"GM0356";"2021JJ00";"0.4";"9.2"
"8205";"53991";"GM0569";"2021JJ00";"0.1";"4.4"
"8216";"53991";"GM0571";"2021JJ00";;
"8227";"53991";"GM0267";"2021JJ00";"0.1";"4.4"
"8238";"53991";"GM0268";"2021JJ00";"1.2";"12.2"
"8249";"53991";"GM1930";"2021JJ00";"0.6";"12.2"
"8260";"53991";"GM1970";"2021JJ00";"0.2";"7.9"
"8271";"53991";"GM1695";"2021JJ00";"0";"11.2"
"8282";"53991";"GM1699";"2021JJ00";"0.1";"6.7"
"8293";"53991";"GM0171";"2021JJ00";"0.3";"8.2"
"8304";"53991";"GM0575";"2021JJ00";"0.1";"5.6"
"8315";"53991";"GM0576";"2021JJ00";;
"8326";"53991";"GM0820";"2021JJ00";"0.1";"5.3"
"8337";"53991";"GM0302";"2021JJ00";"0.1";"4.5"
"8348";"53991";"GM0951";"2021JJ00";;
"8359";"53991";"GM0579";"2021JJ00";"0.1";"4.1"
"8370";"53991";"GM0823";"2021JJ00";"0.1";"5.8"
"8381";"53991";"GM0824";"2021JJ00";"0.1";"4.3"
"8392";"53991";"GM1895";"2021JJ00";"0.3";"15.2"
"8403";"53991";"GM0269";"2021JJ00";"0.1";"4.9"
"8414";"53991";"GM0173";"2021JJ00";"0.1";"7.1"
"8425";"53991";"GM1773";"2021JJ00";"0.1";"6.9"
"8436";"53991";"GM0175";"2021JJ00";"0.1";"6.3"
"8447";"53991";"GM0881";"2021JJ00";;
"8458";"53991";"GM1586";"2021JJ00";"0.1";"4.6"
"8469";"53991";"GM0826";"2021JJ00";"0.3";"8.9"
"8480";"53991";"GM0580";"2021JJ00";;
"8491";"53991";"GM0085";"2021JJ00";"0.1";"9.2"
"8502";"53991";"GM0431";"2021JJ00";"0";"6.5"
"8513";"53991";"GM0432";"2021JJ00";"0";"5.2"
"8524";"53991";"GM0086";"2021JJ00";"0.1";"6.1"
"8535";"53991";"GM0828";"2021JJ00";"0.4";"8.6"
"8546";"53991";"GM0584";"2021JJ00";;
"8557";"53991";"GM1509";"2021JJ00";"0.2";"8.8"
"8568";"53991";"GM0437";"2021JJ00";"0.1";"7.8"
"8579";"53991";"GM0644";"2021JJ00";;
"8590";"53991";"GM0589";"2021JJ00";"0";"4.8"
"8601";"53991";"GM1734";"2021JJ00";"0.1";"4.8"
"8612";"53991";"GM0590";"2021JJ00";"0.2";"9.6"
"8623";"53991";"GM1894";"2021JJ00";"0.1";"5.4"
"8634";"53991";"GM0765";"2021JJ00";"0.1";"15.2"
"8645";"53991";"GM1926";"2021JJ00";"0.2";"4.5"
"8656";"53991";"GM0439";"2021JJ00";"0.4";"9.3"
"8667";"53991";"GM0273";"2021JJ00";"0.1";"5.2"
"8678";"53991";"GM0177";"2021JJ00";"0.1";"4.5"
"8689";"53991";"GM0703";"2021JJ00";"0.1";"5.1"
"8700";"53991";"GM0274";"2021JJ00";"0.1";"9.8"
"8711";"53991";"GM0339";"2021JJ00";"0";"3.4"
"8722";"53991";"GM1667";"2021JJ00";"0";"4.3"
"8733";"53991";"GM0275";"2021JJ00";"0.2";"11.8"
"8744";"53991";"GM0340";"2021JJ00";"0.1";"5.5"
"8755";"53991";"GM0597";"2021JJ00";"0.3";"11.2"
"8766";"53991";"GM0196";"2021JJ00";;
"8777";"53991";"GM1672";"2021JJ00";;
"8788";"53991";"GM1742";"2021JJ00";"0.1";"4.1"
"8799";"53991";"GM0603";"2021JJ00";"0.5";"12.4"
"8810";"53991";"GM1669";"2021JJ00";"0.1";"8.4"
"8821";"53991";"GM0957";"2021JJ00";"0.4";"12.1"
"8832";"53991";"GM0736";"2021JJ00";"0.2";"6.3"
"8843";"53991";"GM1674";"2021JJ00";"0.5";"11.8"
"8854";"53991";"GM0599";"2021JJ00";"7.3";"18.9"
"8865";"53991";"GM0277";"2021JJ00";"0";
"8876";"53991";"GM0840";"2021JJ00";"0.1";"8.9"
"8887";"53991";"GM0441";"2021JJ00";"0.1";"6"
"8898";"53991";"GM0458";"2021JJ00";;
"8909";"53991";"GM0279";"2021JJ00";"0";"5.1"
"8920";"53991";"GM0606";"2021JJ00";"0.7";"14.3"
"8931";"53991";"GM0088";"2021JJ00";"0";
"8942";"53991";"GM0844";"2021JJ00";;
"8953";"53991";"GM0962";"2021JJ00";;
"8964";"53991";"GM0608";"2021JJ00";;
"8975";"53991";"GM1676";"2021JJ00";"0.1";"5.7"
"8986";"53991";"GM0965";"2021JJ00";"0";"8.3"
"8997";"53991";"GM1702";"2021JJ00";"0";"4.6"
"9008";"53991";"GM0845";"2021JJ00";"0.1";"3.7"
"9019";"53991";"GM0846";"2021JJ00";;
"9030";"53991";"GM1883";"2021JJ00";"0.6";"14.2"
"9041";"53991";"GM0051";"2021JJ00";;
"9052";"53991";"GM0610";"2021JJ00";"0.1";"8.4"
"9063";"53991";"GM0040";"2021JJ00";;
"9074";"53991";"GM1714";"2021JJ00";"0.1";"7.9"
"9085";"53991";"GM0090";"2021JJ00";"0.4";"11.3"
"9096";"53991";"GM0342";"2021JJ00";"0.2";"8.8"
"9107";"53991";"GM0847";"2021JJ00";"0.1";"4.9"
"9118";"53991";"GM0848";"2021JJ00";"0.1";"5"
"9129";"53991";"GM0612";"2021JJ00";;
"9140";"53991";"GM0037";"2021JJ00";"0.2";"13.3"
"9151";"53991";"GM0180";"2021JJ00";"0";"2.7"
"9162";"53991";"GM0532";"2021JJ00";"0.1";"6.9"
"9173";"53991";"GM0851";"2021JJ00";"0.1";"7.1"
"9184";"53991";"GM1708";"2021JJ00";"0.2";"6.5"
"9195";"53991";"GM0971";"2021JJ00";"0.1";"9.6"
"9206";"53991";"GM1904";"2021JJ00";"0.2";"5.3"
"9217";"53991";"GM0617";"2021JJ00";;
"9228";"53991";"GM1900";"2021JJ00";"0.5";"9.3"
"9239";"53991";"GM0715";"2021JJ00";"0.3";"10.9"
"9250";"53991";"GM0093";"2021JJ00";"0";"5.6"
"9261";"53991";"GM0448";"2021JJ00";"0";"6.8"
"9272";"53991";"GM1525";"2021JJ00";"0.1";"4.1"
"9283";"53991";"GM0716";"2021JJ00";"0.1";"5.2"
"9294";"53991";"GM0281";"2021JJ00";"0.2";"10.5"
"9305";"53991";"GM0855";"2021JJ00";"1.5";"13"
"9316";"53991";"GM0183";"2021JJ00";"0";"2.8"
"9327";"53991";"GM1700";"2021JJ00";"0.1";"5.7"
"9338";"53991";"GM1730";"2021JJ00";"0.1";"4"
"9349";"53991";"GM0737";"2021JJ00";"0.1";"6.4"
"9360";"53991";"GM0282";"2021JJ00";;
"9371";"53991";"GM0856";"2021JJ00";"0.2";"7.1"
"9382";"53991";"GM0450";"2021JJ00";"0.1";"6.4"
"9393";"53991";"GM0451";"2021JJ00";"0.2";"9"
"9404";"53991";"GM0184";"2021JJ00";"0.1";"3.4"
"9415";"53991";"GM0344";"2021JJ00";"2.3";"9.5"
"9426";"53991";"GM1581";"2021JJ00";"0.2";"5.9"
"9437";"53991";"GM0981";"2021JJ00";"0";"11.4"
"9448";"53991";"GM0994";"2021JJ00";"0";"7.7"
"9459";"53991";"GM0858";"2021JJ00";"0.1";"6.9"
"9470";"53991";"GM0047";"2021JJ00";"0.2";"13.9"
"9481";"53991";"GM0345";"2021JJ00";"0.4";"7.5"
"9492";"53991";"GM0717";"2021JJ00";"0";"3.2"
"9503";"53991";"GM0860";"2021JJ00";;
"9514";"53991";"GM0861";"2021JJ00";"0.1";"5.9"
"9525";"53991";"GM0453";"2021JJ00";"0.4";"11.7"
"9536";"53991";"GM0983";"2021JJ00";"0.6";"12.2"
"9547";"53991";"GM0984";"2021JJ00";"0.2";"9.3"
"9558";"53991";"GM0620";"2021JJ00";;
"9569";"53991";"GM1961";"2021JJ00";"0.3";"6.7"
"9580";"53991";"GM0622";"2021JJ00";"0.7";"15.9"
"9591";"53991";"GM0048";"2021JJ00";;
"9602";"53991";"GM0096";"2021JJ00";"0";
"9613";"53991";"GM0718";"2021JJ00";"0.3";"15.1"
"9624";"53991";"GM0623";"2021JJ00";;
"9635";"53991";"GM0986";"2021JJ00";"0";"7.4"
"9646";"53991";"GM0626";"2021JJ00";"0.1";"6.1"
"9657";"53991";"GM0285";"2021JJ00";"0.1";"3.9"
"9668";"53991";"GM0865";"2021JJ00";"0.1";"3.8"
"9679";"53991";"GM1949";"2021JJ00";"0.2";"8.3"
"9690";"53991";"GM0866";"2021JJ00";"0";"4.1"
"9701";"53991";"GM0867";"2021JJ00";"0.2";"7.8"
"9712";"53991";"GM0627";"2021JJ00";"0.1";"5.2"
"9723";"53991";"GM0289";"2021JJ00";"0.2";"10.6"
"9734";"53991";"GM0629";"2021JJ00";"0.1";"9.2"
"9745";"53991";"GM0852";"2021JJ00";"0.1";"7.5"
"9756";"53991";"GM0988";"2021JJ00";"0.2";"9"
"9767";"53991";"GM0457";"2021JJ00";"0.1";"6.6"
"9778";"53991";"GM0870";"2021JJ00";;
"9789";"53991";"GM1960";"2021JJ00";"0.1";"3.6"
"9800";"53991";"GM0668";"2021JJ00";"0.1";"5.4"
"9811";"53991";"GM1969";"2021JJ00";"0.2";"5.1"
"9822";"53991";"GM1701";"2021JJ00";"0";"4.3"
"9833";"53991";"GM0293";"2021JJ00";"0.1";"9.7"
"9844";"53991";"GM1950";"2021JJ00";"0.1";"11.7"
"9855";"53991";"GM1783";"2021JJ00";"0.4";"5.6"
"9866";"53991";"GM0098";"2021JJ00";"0.1";"7.2"
"9877";"53991";"GM0614";"2021JJ00";"0";"8.1"
"9888";"53991";"GM0189";"2021JJ00";"0";"2.4"
"9899";"53991";"GM0462";"2021JJ00";;
"9910";"53991";"GM0463";"2021JJ00";;
"9921";"53991";"GM0296";"2021JJ00";"0.1";"5.9"
"9932";"53991";"GM1696";"2021JJ00";"0.1";"4.6"
"9943";"53991";"GM0352";"2021JJ00";"0.1";"6.3"
"9954";"53991";"GM0053";"2021JJ00";;
"9965";"53991";"GM0294";"2021JJ00";"0.1";"8.5"
"9976";"53991";"GM0873";"2021JJ00";"0.1";"5.6"
"9987";"53991";"GM0632";"2021JJ00";"0.2";"6.1"
"9998";"53991";"GM1690";"2021JJ00";"0.1";"5.7"
"10009";"53991";"GM0880";"2021JJ00";"0.1";"7.8"
"10020";"53991";"GM0351";"2021JJ00";"0";"4.2"
"10031";"53991";"GM0874";"2021JJ00";;
"10042";"53991";"GM0479";"2021JJ00";"1.1";"11.7"
"10053";"53991";"GM0297";"2021JJ00";"0.1";"5.3"
"10064";"53991";"GM0473";"2021JJ00";"0.1";"14.4"
"10075";"53991";"GM0707";"2021JJ00";;
"10086";"53991";"GM0478";"2021JJ00";;
"10097";"53991";"GM0050";"2021JJ00";"0.1";"6.8"
"10108";"53991";"GM0355";"2021JJ00";"0.4";"10.4"
"10119";"53991";"GM0299";"2021JJ00";"0.2";"8.7"
"10130";"53991";"GM0476";"2021JJ00";;
"10141";"53991";"GM0637";"2021JJ00";"0.8";"10.2"
"10152";"53991";"GM0638";"2021JJ00";"0";"4.2"
"10163";"53991";"GM0056";"2021JJ00";;
"10174";"53991";"GM1892";"2021JJ00";"0.2";"5.3"
"10185";"53991";"GM0879";"2021JJ00";"0.1";"7"
"10196";"53991";"GM0301";"2021JJ00";"0.2";"11"
"10207";"53991";"GM1896";"2021JJ00";"0.1";"4"
"10218";"53991";"GM0642";"2021JJ00";"0.4";"14.5"
"10229";"53991";"GM0193";"2021JJ00";"0.7";"8.4"
"10240";"51511";"NL01  ";"2021JJ00";"111.5";"10.5"
"10251";"51511";"LD01  ";"2021JJ00";"10.8";"10.6"
"10262";"51511";"LD02  ";"2021JJ00";"21";"9"
"10273";"51511";"LD03  ";"2021JJ00";"58.9";"11.3"
"10284";"51511";"LDG4  ";"2021JJ00";;
"10295";"51511";"LD04  ";"2021JJ00";"20.8";"10"
"10306";"51511";"LDZZ  ";"2021JJ00";;
"10317";"51511";"LD98  ";"2021JJ00";;
"10328";"51511";"LD99  ";"2021JJ00";;
"10339";"51511";"PV20  ";"2021JJ00";"4.1";"13"
"10350";"51511";"PV21  ";"2021JJ00";"3.9";"9.5"
"10361";"51511";"PV22  ";"2021JJ00";"2.8";"9.4"
"10372";"51511";"PV23  ";"2021JJ00";"6.7";"8.9"
"10383";"51511";"PV24  ";"2021JJ00";"3.3";"10.7"
"10394";"51511";"PV25  ";"2021JJ00";"11";"8.6"
"10405";"51511";"PV26  ";"2021JJ00";"7.6";"8.3"
"10416";"51511";"PV27  ";"2021JJ00";"20";"11.5"
"10427";"51511";"PV28  ";"2021JJ00";"29.3";"12.4"
"10438";"51511";"PV29  ";"2021JJ00";"2";"9"
"10449";"51511";"PV30  ";"2021JJ00";"13.9";"9.2"
"10460";"51511";"PV31  ";"2021JJ00";"6.9";"12.4"
"10471";"51511";"GM1680";"2021JJ00";"0.1";"7.1"
"10482";"51511";"GM0738";"2021JJ00";;
"10493";"51511";"GM0358";"2021JJ00";"0.1";"5.1"
"10504";"51511";"GM0197";"2021JJ00";"0.1";"6.2"
"10515";"51511";"GM0059";"2021JJ00";"0.2";"10.3"
"10526";"51511";"GM0482";"2021JJ00";"0.1";"6.9"
"10537";"51511";"GM0613";"2021JJ00";"0.1";"6.1"
"10548";"51511";"GM0361";"2021JJ00";"0.7";"10.1"
"10559";"51511";"GM0141";"2021JJ00";"0.6";"14.4"
"10570";"51511";"GM0034";"2021JJ00";"1.8";"11.7"
"10581";"51511";"GM0484";"2021JJ00";"0.5";"6.6"
"10592";"51511";"GM1723";"2021JJ00";"0";"5.8"
"10603";"51511";"GM1959";"2021JJ00";"0.2";"5.1"
"10614";"51511";"GM0060";"2021JJ00";"0";"3"
"10625";"51511";"GM0307";"2021JJ00";"1";"8.5"
"10636";"51511";"GM0362";"2021JJ00";"0.5";"6.9"
"10647";"51511";"GM0363";"2021JJ00";"8.6";"19.2"
"10658";"51511";"GM0366";"2021JJ00";;
"10669";"51511";"GM0200";"2021JJ00";"0.9";"9.5"
"10680";"51511";"GM0003";"2021JJ00";;
"10691";"51511";"GM0202";"2021JJ00";"1.4";"14.6"
"10702";"51511";"GM0106";"2021JJ00";"0.5";"10.5"
"10713";"51511";"GM0743";"2021JJ00";"0";"4.7"
"10724";"51511";"GM0744";"2021JJ00";"0";"6.7"
"10735";"51511";"GM0308";"2021JJ00";"0.1";"7.1"
"10746";"51511";"GM0489";"2021JJ00";"0.2";"5.2"
"10757";"51511";"GM0203";"2021JJ00";"0.3";"5.1"
"10768";"51511";"GM0005";"2021JJ00";;
"10779";"51511";"GM0888";"2021JJ00";"0.1";"11.3"
"10790";"51511";"GM1954";"2021JJ00";"0.2";"9"
"10801";"51511";"GM0370";"2021JJ00";"0";"4.2"
"10812";"51511";"GM0889";"2021JJ00";"0.1";"11.9"
"10823";"51511";"GM0007";"2021JJ00";;
"10834";"51511";"GM1945";"2021JJ00";"0.2";"9.1"
"10845";"51511";"GM0491";"2021JJ00";;
"10856";"51511";"GM1724";"2021JJ00";"0";"4.8"
"10867";"51511";"GM0893";"2021JJ00";"0";"6.6"
"10878";"51511";"GM0373";"2021JJ00";"0.1";"5.9"
"10889";"51511";"GM0748";"2021JJ00";"0.5";"12.5"
"10900";"51511";"GM1859";"2021JJ00";"0.2";"6.7"
"10911";"51511";"GM1721";"2021JJ00";"0.1";"5.9"
"10922";"51511";"GM0568";"2021JJ00";;
"10933";"51511";"GM0753";"2021JJ00";"0.1";"7.5"
"10944";"51511";"GM0209";"2021JJ00";"0.1";"7.6"
"10955";"51511";"GM0375";"2021JJ00";"0.3";"12.1"
"10966";"51511";"GM0063";"2021JJ00";;
"10977";"51511";"GM0310";"2021JJ00";"0.2";"7.1"
"10988";"51511";"GM0585";"2021JJ00";;
"10999";"51511";"GM1728";"2021JJ00";"0.1";"4.3"
"11010";"51511";"GM0376";"2021JJ00";"0";"5.4"
"11021";"51511";"GM0377";"2021JJ00";"0.1";"4"
"11032";"51511";"GM0055";"2021JJ00";;
"11043";"51511";"GM1901";"2021JJ00";"0.1";"5.5"
"11054";"51511";"GM0755";"2021JJ00";"0";"5"
"11065";"51511";"GM0009";"2021JJ00";;
"11076";"51511";"GM1681";"2021JJ00";"0.1";"8.7"
"11087";"51511";"GM0147";"2021JJ00";"0.1";"5.4"
"11098";"51511";"GM0654";"2021JJ00";"0.1";"5.2"
"11109";"51511";"GM0499";"2021JJ00";;
"11120";"51511";"GM0756";"2021JJ00";"0.1";"7.4"
"11131";"51511";"GM0757";"2021JJ00";"0.1";"7.9"
"11142";"51511";"GM0758";"2021JJ00";"1.1";"9.9"
"11153";"51511";"GM0501";"2021JJ00";"0.1";"7.8"
"11164";"51511";"GM1876";"2021JJ00";"0.1";"5.6"
"11175";"51511";"GM0213";"2021JJ00";"0.1";"8.7"
"11186";"51511";"GM0899";"2021JJ00";"0.2";"15.5"
"11197";"51511";"GM0312";"2021JJ00";"0";"3.8"
"11208";"51511";"GM0313";"2021JJ00";"0.1";"5.3"
"11219";"51511";"GM0214";"2021JJ00";"0.1";"6.6"
"11230";"51511";"GM0381";"2021JJ00";;
"11241";"51511";"GM0502";"2021JJ00";"0.6";"13.9"
"11252";"51511";"GM0383";"2021JJ00";"0.1";"5.1"
"11263";"51511";"GM0109";"2021JJ00";"0.2";"10.9"
"11274";"51511";"GM1706";"2021JJ00";"0.1";"7.1"
"11285";"51511";"GM0611";"2021JJ00";;
"11296";"51511";"GM1684";"2021JJ00";"0.1";"8.2"
"11307";"51511";"GM0216";"2021JJ00";"0.1";"7"
"11318";"51511";"GM0148";"2021JJ00";"0.1";"5"
"11329";"51511";"GM1891";"2021JJ00";"0.1";"7.6"
"11340";"51511";"GM0503";"2021JJ00";"0.8";"15.4"
"11351";"51511";"GM0010";"2021JJ00";;
"11362";"51511";"GM0762";"2021JJ00";"0.1";"7"
"11373";"51511";"GM0150";"2021JJ00";"0.7";"10.7"
"11384";"51511";"GM0384";"2021JJ00";"0.2";"10.2"
"11395";"51511";"GM1980";"2021JJ00";;
"11406";"51511";"GM1774";"2021JJ00";"0.1";"5.4"
"11417";"51511";"GM0504";"2021JJ00";;
"11428";"51511";"GM0221";"2021JJ00";"0.1";"13.8"
"11439";"51511";"GM0222";"2021JJ00";"0.4";"10.6"
"11450";"51511";"GM0766";"2021JJ00";"0.1";"6.3"
"11461";"51511";"GM0058";"2021JJ00";;
"11472";"51511";"GM0505";"2021JJ00";"0.9";"12.5"
"11483";"51511";"GM0498";"2021JJ00";"0.1";"6.6"
"11494";"51511";"GM1719";"2021JJ00";"0.1";"6.2"
"11505";"51511";"GM0303";"2021JJ00";"0.2";"7.8"
"11516";"51511";"GM0225";"2021JJ00";"0.1";"6.7"
"11527";"51511";"GM0226";"2021JJ00";"0.1";"9"
"11538";"51511";"GM1711";"2021JJ00";"0.1";"8.6"
"11549";"51511";"GM0385";"2021JJ00";"0.1";"5.7"
"11560";"51511";"GM0228";"2021JJ00";"0.5";"6.3"
"11571";"51511";"GM0317";"2021JJ00";"0";"3.6"
"11582";"51511";"GM1979";"2021JJ00";"0.4";"16"
"11593";"51511";"GM1651";"2021JJ00";;
"11604";"51511";"GM0770";"2021JJ00";"0.1";"5.1"
"11615";"51511";"GM1903";"2021JJ00";"0.1";"5.4"
"11626";"51511";"GM0772";"2021JJ00";"1.7";"13.2"
"11637";"51511";"GM0230";"2021JJ00";"0.1";"6.6"
"11648";"51511";"GM0114";"2021JJ00";"0.8";"12.9"
"11659";"51511";"GM0388";"2021JJ00";"0.1";"10.4"
"11670";"51511";"GM0153";"2021JJ00";"1.5";"16.1"
"11681";"51511";"GM0232";"2021JJ00";"0.1";"7.8"
"11692";"51511";"GM0233";"2021JJ00";"0.1";"7"
"11703";"51511";"GM0777";"2021JJ00";"0.2";"8"
"11714";"51511";"GM1722";"2021JJ00";;
"11725";"51511";"GM0070";"2021JJ00";;
"11736";"51511";"GM1921";"2021JJ00";;
"11747";"51511";"GM1940";"2021JJ00";"0.2";"6.6"
"11758";"51511";"GM0653";"2021JJ00";;
"11769";"51511";"GM0779";"2021JJ00";"0.1";"9"
"11780";"51511";"GM0236";"2021JJ00";;
"11791";"51511";"GM1771";"2021JJ00";"0.2";"8.8"
"11802";"51511";"GM1652";"2021JJ00";"0.1";"7.1"
"11813";"51511";"GM0907";"2021JJ00";"0.1";"7.1"
"11824";"51511";"GM0689";"2021JJ00";;
"11835";"51511";"GM0784";"2021JJ00";"0.2";"10.6"
"11846";"51511";"GM0511";"2021JJ00";;
"11857";"51511";"GM1924";"2021JJ00";"0.2";"6.4"
"11868";"51511";"GM0664";"2021JJ00";"0.2";"10.3"
"11879";"51511";"GM0785";"2021JJ00";"0.1";"5.2"
"11890";"51511";"GM1942";"2021JJ00";"0.2";"4.9"
"11901";"51511";"GM0512";"2021JJ00";"0.2";"9.9"
"11912";"51511";"GM0513";"2021JJ00";"0.5";"11.6"
"11923";"51511";"GM0693";"2021JJ00";;
"11934";"51511";"GM0365";"2021JJ00";;
"11945";"51511";"GM0786";"2021JJ00";"0.1";"8.2"
"11956";"51511";"GM0518";"2021JJ00";"5.8";"16.8"
"11967";"51511";"GM0241";"2021JJ00";;
"11978";"51511";"GM0014";"2021JJ00";"1.6";"14.9"
"11989";"51511";"GM0015";"2021JJ00";;
"12000";"51511";"GM1729";"2021JJ00";"0";"7"
"12011";"51511";"GM0158";"2021JJ00";"0.1";"8.7"
"12022";"51511";"GM0788";"2021JJ00";;
"12033";"51511";"GM0392";"2021JJ00";"1.1";"10.1"
"12044";"51511";"GM0393";"2021JJ00";;
"12055";"51511";"GM0394";"2021JJ00";"0.8";"7.1"
"12066";"51511";"GM1655";"2021JJ00";"0.2";"11.2"
"12077";"51511";"GM0160";"2021JJ00";"0.2";"5.6"
"12088";"51511";"GM0243";"2021JJ00";"0.3";"8.1"
"12099";"51511";"GM0523";"2021JJ00";"0.1";"5.4"
"12110";"51511";"GM0017";"2021JJ00";;
"12121";"51511";"GM0395";"2021JJ00";;
"12132";"51511";"GM0072";"2021JJ00";"0.1";"10.7"
"12143";"51511";"GM0244";"2021JJ00";"0";"4.6"
"12154";"51511";"GM0396";"2021JJ00";"0.3";"11.5"
"12165";"51511";"GM0397";"2021JJ00";"0.1";"3.6"
"12176";"51511";"GM0246";"2021JJ00";"0.1";"5.9"
"12187";"51511";"GM0074";"2021JJ00";"0.3";"8"
"12198";"51511";"GM0398";"2021JJ00";"0.3";"7.7"
"12209";"51511";"GM0917";"2021JJ00";"1.1";"24.8"
"12220";"51511";"GM1658";"2021JJ00";"0";"3.6"
"12231";"51511";"GM0399";"2021JJ00";"0.1";"4.9"
"12242";"51511";"GM0400";"2021JJ00";"0.5";"15.8"
"12253";"51511";"GM0163";"2021JJ00";"0.1";"5.6"
"12264";"51511";"GM0530";"2021JJ00";"0.3";"12.1"
"12275";"51511";"GM0794";"2021JJ00";"0.7";"12.7"
"12286";"51511";"GM0531";"2021JJ00";"0.1";"5.5"
"12297";"51511";"GM0164";"2021JJ00";"0.5";"11"
"12308";"51511";"GM0796";"2021JJ00";"0.9";"9.9"
"12319";"51511";"GM0252";"2021JJ00";"0.1";"5.6"
"12330";"51511";"GM0797";"2021JJ00";"0.2";"5.9"
"12341";"51511";"GM0534";"2021JJ00";"0.1";"7.6"
"12352";"51511";"GM0798";"2021JJ00";"0.1";"6.2"
"12363";"51511";"GM0402";"2021JJ00";"0.6";"9.4"
"12374";"51511";"GM1963";"2021JJ00";"0.3";"5.3"
"12385";"51511";"GM1735";"2021JJ00";"0.1";"6.4"
"12396";"51511";"GM1966";"2021JJ00";"0.3";"9.1"
"12407";"51511";"GM1911";"2021JJ00";"0.2";"8.3"
"12418";"51511";"GM0118";"2021JJ00";"0.4";"10.2"
"12429";"51511";"GM0018";"2021JJ00";;
"12440";"51511";"GM0405";"2021JJ00";"0.5";"10.6"
"12451";"51511";"GM1507";"2021JJ00";"0.1";"4.2"
"12462";"51511";"GM0321";"2021JJ00";"0.2";"4.8"
"12473";"51511";"GM0406";"2021JJ00";"0.3";"10.2"
"12484";"51511";"GM0677";"2021JJ00";"0.1";"9.2"
"12495";"51511";"GM0353";"2021JJ00";"0.2";"8.4"
"12506";"51511";"GM1884";"2021JJ00";"0.1";"8"
"12517";"51511";"GM0166";"2021JJ00";"0.3";"6.7"
"12528";"51511";"GM0678";"2021JJ00";"0.1";"6.6"
"12539";"51511";"GM0537";"2021JJ00";"0.3";"6.6"
"12550";"51511";"GM0928";"2021JJ00";"0.5";"21"
"12561";"51511";"GM1598";"2021JJ00";"0.1";"5.4"
"12572";"51511";"GM0079";"2021JJ00";;
"12583";"51511";"GM0588";"2021JJ00";;
"12594";"51511";"GM0542";"2021JJ00";"0.2";"9.7"
"12605";"51511";"GM1931";"2021JJ00";"0.3";"6.9"
"12616";"51511";"GM1659";"2021JJ00";"0.1";"6.5"
"12627";"51511";"GM1982";"2021JJ00";;
"12638";"51511";"GM1685";"2021JJ00";"0.1";"6"
"12649";"51511";"GM0882";"2021JJ00";"0.3";"17.4"
"12660";"51511";"GM0415";"2021JJ00";"0.1";"6.9"
"12671";"51511";"GM0416";"2021JJ00";"0.2";"8.3"
"12682";"51511";"GM1621";"2021JJ00";"0.3";"5.2"
"12693";"51511";"GM0417";"2021JJ00";"0.1";"7.4"
"12704";"51511";"GM0022";"2021JJ00";;
"12715";"51511";"GM0545";"2021JJ00";;
"12726";"51511";"GM0080";"2021JJ00";"1";"13.8"
"12737";"51511";"GM0081";"2021JJ00";;
"12748";"51511";"GM0546";"2021JJ00";"0.8";"13.3"
"12759";"51511";"GM0547";"2021JJ00";"0.1";"6.3"
"12770";"51511";"GM1916";"2021JJ00";"0.5";"9.8"
"12781";"51511";"GM0995";"2021JJ00";"0.8";"13.9"
"12792";"51511";"GM0082";"2021JJ00";;
"12803";"51511";"GM1640";"2021JJ00";"0.1";"5.8"
"12814";"51511";"GM0327";"2021JJ00";"0.1";"5"
"12825";"51511";"GM0694";"2021JJ00";;
"12836";"51511";"GM0733";"2021JJ00";;
"12847";"51511";"GM1705";"2021JJ00";"0.2";"5.4"
"12858";"51511";"GM0553";"2021JJ00";"0.1";"6.3"
"12869";"51511";"GM0140";"2021JJ00";;
"12880";"51511";"GM0262";"2021JJ00";"0.1";"6.6"
"12891";"51511";"GM0809";"2021JJ00";"0.1";"7.2"
"12902";"51511";"GM0331";"2021JJ00";"0.1";"9.2"
"12913";"51511";"GM0024";"2021JJ00";;
"12924";"51511";"GM0168";"2021JJ00";"0.1";"7.5"
"12935";"51511";"GM1671";"2021JJ00";;
"12946";"51511";"GM0263";"2021JJ00";"0.1";"6.2"
"12957";"51511";"GM1641";"2021JJ00";"0.1";"6.2"
"12968";"51511";"GM1991";"2021JJ00";;
"12979";"51511";"GM0556";"2021JJ00";"0.3";"14.5"
"12990";"51511";"GM0935";"2021JJ00";"0.8";"16.5"
"13001";"51511";"GM1663";"2021JJ00";;
"13012";"51511";"GM0025";"2021JJ00";;
"13023";"51511";"GM0420";"2021JJ00";"0.2";"8"
"13034";"51511";"GM0938";"2021JJ00";"0.1";"7"
"13045";"51511";"GM1948";"2021JJ00";"0.3";"6.6"
"13056";"51511";"GM1908";"2021JJ00";;
"13067";"51511";"GM1987";"2021JJ00";;
"13078";"51511";"GM0119";"2021JJ00";"0.2";"8.3"
"13089";"51511";"GM0687";"2021JJ00";"0.3";"10.7"
"13100";"51511";"GM0559";"2021JJ00";;
"13111";"51511";"GM1842";"2021JJ00";"0.1";"6"
"13122";"51511";"GM1731";"2021JJ00";"0.1";"6.1"
"13133";"51511";"GM1952";"2021JJ00";"0.5";"13.5"
"13144";"51511";"GM0815";"2021JJ00";"0";"7.9"
"13155";"51511";"GM0265";"2021JJ00";;
"13166";"51511";"GM1709";"2021JJ00";"0.2";"7.2"
"13177";"51511";"GM1978";"2021JJ00";"0.1";"4.5"
"13188";"51511";"GM1927";"2021JJ00";;
"13199";"51511";"GM1955";"2021JJ00";"0.2";"10.1"
"13210";"51511";"GM0335";"2021JJ00";"0.1";"5.9"
"13221";"51511";"GM0944";"2021JJ00";"0";"5.4"
"13232";"51511";"GM0424";"2021JJ00";;
"13243";"51511";"GM0425";"2021JJ00";;
"13254";"51511";"GM1740";"2021JJ00";"0.1";"6.9"
"13265";"51511";"GM0643";"2021JJ00";;
"13276";"51511";"GM0946";"2021JJ00";"0";"5"
"13287";"51511";"GM0304";"2021JJ00";;
"13298";"51511";"GM0412";"2021JJ00";;
"13309";"51511";"GM0356";"2021JJ00";"0.4";"10"
"13320";"51511";"GM0569";"2021JJ00";"0.1";"5.1"
"13331";"51511";"GM0571";"2021JJ00";;
"13342";"51511";"GM0267";"2021JJ00";"0.2";"5.9"
"13353";"51511";"GM0268";"2021JJ00";"1.3";"13.9"
"13364";"51511";"GM1930";"2021JJ00";"0.7";"14.2"
"13375";"51511";"GM1970";"2021JJ00";"0.3";"8.3"
"13386";"51511";"GM1695";"2021JJ00";"0";"7.6"
"13397";"51511";"GM1699";"2021JJ00";"0.1";"8.1"
"13408";"51511";"GM0171";"2021JJ00";"0.3";"8.8"
"13419";"51511";"GM0575";"2021JJ00";"0.1";"5.2"
"13430";"51511";"GM0576";"2021JJ00";;
"13441";"51511";"GM0820";"2021JJ00";"0.1";"6.8"
"13452";"51511";"GM0302";"2021JJ00";"0.1";"5.6"
"13463";"51511";"GM0951";"2021JJ00";;
"13474";"51511";"GM0579";"2021JJ00";"0.1";"5.1"
"13485";"51511";"GM0823";"2021JJ00";"0.1";"4.7"
"13496";"51511";"GM0824";"2021JJ00";"0.1";"5.1"
"13507";"51511";"GM1895";"2021JJ00";"0.3";"14.9"
"13518";"51511";"GM0269";"2021JJ00";"0.1";"5.5"
"13529";"51511";"GM0173";"2021JJ00";"0.2";"7.7"
"13540";"51511";"GM1773";"2021JJ00";"0.1";"6"
"13551";"51511";"GM0175";"2021JJ00";"0.1";"8.4"
"13562";"51511";"GM0881";"2021JJ00";;
"13573";"51511";"GM1586";"2021JJ00";"0.1";"5.1"
"13584";"51511";"GM0826";"2021JJ00";"0.4";"10.8"
"13595";"51511";"GM0580";"2021JJ00";;
"13606";"51511";"GM0085";"2021JJ00";"0.2";"10.7"
"13617";"51511";"GM0431";"2021JJ00";"0";"8"
"13628";"51511";"GM0432";"2021JJ00";"0";"5.5"
"13639";"51511";"GM0086";"2021JJ00";"0.2";"8.4"
"13650";"51511";"GM0828";"2021JJ00";"0.5";"9.5"
"13661";"51511";"GM0584";"2021JJ00";;
"13672";"51511";"GM1509";"2021JJ00";"0.2";"8.2"
"13683";"51511";"GM0437";"2021JJ00";"0.1";"7.6"
"13694";"51511";"GM0644";"2021JJ00";;
"13705";"51511";"GM0589";"2021JJ00";"0.1";"9.2"
"13716";"51511";"GM1734";"2021JJ00";"0.2";"5.8"
"13727";"51511";"GM0590";"2021JJ00";"0.2";"9.2"
"13738";"51511";"GM1894";"2021JJ00";"0.2";"6.5"
"13749";"51511";"GM0765";"2021JJ00";"0.1";"18.6"
"13760";"51511";"GM1926";"2021JJ00";"0.2";"4.8"
"13771";"51511";"GM0439";"2021JJ00";"0.5";"11.1"
"13782";"51511";"GM0273";"2021JJ00";"0.1";"6.5"
"13793";"51511";"GM0177";"2021JJ00";"0.1";"6.1"
"13804";"51511";"GM0703";"2021JJ00";"0.1";"5.7"
"13815";"51511";"GM0274";"2021JJ00";"0.1";"8.3"
"13826";"51511";"GM0339";"2021JJ00";"0";"3.2"
"13837";"51511";"GM1667";"2021JJ00";"0";"5.6"
"13848";"51511";"GM0275";"2021JJ00";"0.3";"12.8"
"13859";"51511";"GM0340";"2021JJ00";"0.1";"6.9"
"13870";"51511";"GM0597";"2021JJ00";"0.4";"12.4"
"13881";"51511";"GM0196";"2021JJ00";;
"13892";"51511";"GM1672";"2021JJ00";;
"13903";"51511";"GM1742";"2021JJ00";"0.1";"4.6"
"13914";"51511";"GM0603";"2021JJ00";"0.5";"15.2"
"13925";"51511";"GM1669";"2021JJ00";"0.1";"9.7"
"13936";"51511";"GM0957";"2021JJ00";"0.5";"14.4"
"13947";"51511";"GM0736";"2021JJ00";"0.2";"7.8"
"13958";"51511";"GM1674";"2021JJ00";"0.6";"13"
"13969";"51511";"GM0599";"2021JJ00";"8.3";"21.6"
"13980";"51511";"GM0277";"2021JJ00";"0";"3.7"
"13991";"51511";"GM0840";"2021JJ00";"0.1";"9"
"14002";"51511";"GM0441";"2021JJ00";"0.2";"6.2"
"14013";"51511";"GM0458";"2021JJ00";;
"14024";"51511";"GM0279";"2021JJ00";"0";"4.8"
"14035";"51511";"GM0606";"2021JJ00";"0.7";"15.6"
"14046";"51511";"GM0088";"2021JJ00";"0";
"14057";"51511";"GM0844";"2021JJ00";;
"14068";"51511";"GM0962";"2021JJ00";;
"14079";"51511";"GM0608";"2021JJ00";;
"14090";"51511";"GM1676";"2021JJ00";"0.2";"8.8"
"14101";"51511";"GM0965";"2021JJ00";"0.1";"11"
"14112";"51511";"GM1702";"2021JJ00";"0";"5.3"
"14123";"51511";"GM0845";"2021JJ00";"0.1";"4"
"14134";"51511";"GM0846";"2021JJ00";;
"14145";"51511";"GM1883";"2021JJ00";"0.6";"14"
"14156";"51511";"GM0051";"2021JJ00";;
"14167";"51511";"GM0610";"2021JJ00";"0.2";"10.1"
"14178";"51511";"GM0040";"2021JJ00";;
"14189";"51511";"GM1714";"2021JJ00";"0.1";"7.7"
"14200";"51511";"GM0090";"2021JJ00";"0.4";"11.3"
"14211";"51511";"GM0342";"2021JJ00";"0.2";"7.8"
"14222";"51511";"GM0847";"2021JJ00";"0.1";"7.6"
"14233";"51511";"GM0848";"2021JJ00";"0.1";"5.3"
"14244";"51511";"GM0612";"2021JJ00";;
"14255";"51511";"GM0037";"2021JJ00";"0.2";"12"
"14266";"51511";"GM0180";"2021JJ00";"0.1";"3.3"
"14277";"51511";"GM0532";"2021JJ00";"0.1";"7.7"
"14288";"51511";"GM0851";"2021JJ00";"0.1";"8.8"
"14299";"51511";"GM1708";"2021JJ00";"0.2";"8.3"
"14310";"51511";"GM0971";"2021JJ00";"0.1";"8"
"14321";"51511";"GM1904";"2021JJ00";"0.3";"6.3"
"14332";"51511";"GM0617";"2021JJ00";;
"14343";"51511";"GM1900";"2021JJ00";"0.5";"9.4"
"14354";"51511";"GM0715";"2021JJ00";"0.3";"11.4"
"14365";"51511";"GM0093";"2021JJ00";"0";"3"
"14376";"51511";"GM0448";"2021JJ00";"0.1";"10.2"
"14387";"51511";"GM1525";"2021JJ00";"0.1";"5.3"
"14398";"51511";"GM0716";"2021JJ00";"0.1";"6"
"14409";"51511";"GM0281";"2021JJ00";"0.3";"12.7"
"14420";"51511";"GM0855";"2021JJ00";"1.8";"14.4"
"14431";"51511";"GM0183";"2021JJ00";"0.1";"4.7"
"14442";"51511";"GM1700";"2021JJ00";"0.2";"6.9"
"14453";"51511";"GM1730";"2021JJ00";"0.1";"4.8"
"14464";"51511";"GM0737";"2021JJ00";"0.1";"5.8"
"14475";"51511";"GM0282";"2021JJ00";;
"14486";"51511";"GM0856";"2021JJ00";"0.2";"8.7"
"14497";"51511";"GM0450";"2021JJ00";"0.1";"6.2"
"14508";"51511";"GM0451";"2021JJ00";"0.2";"10.7"
"14519";"51511";"GM0184";"2021JJ00";"0.1";"3.9"
"14530";"51511";"GM0344";"2021JJ00";"2.6";"11.2"
"14541";"51511";"GM1581";"2021JJ00";"0.2";"6.3"
"14552";"51511";"GM0981";"2021JJ00";"0";"11.4"
"14563";"51511";"GM0994";"2021JJ00";"0.1";"10.1"
"14574";"51511";"GM0858";"2021JJ00";"0.1";"8.6"
"14585";"51511";"GM0047";"2021JJ00";"0.3";"14.7"
"14596";"51511";"GM0345";"2021JJ00";"0.4";"8.4"
"14607";"51511";"GM0717";"2021JJ00";"0.1";"4.2"
"14618";"51511";"GM0860";"2021JJ00";;
"14629";"51511";"GM0861";"2021JJ00";"0.2";"6.5"
"14640";"51511";"GM0453";"2021JJ00";"0.5";"11.3"
"14651";"51511";"GM0983";"2021JJ00";"0.8";"13.7"
"14662";"51511";"GM0984";"2021JJ00";"0.2";"9.2"
"14673";"51511";"GM0620";"2021JJ00";;
"14684";"51511";"GM1961";"2021JJ00";"0.3";"7.5"
"14695";"51511";"GM0622";"2021JJ00";"0.8";"16.6"
"14706";"51511";"GM0048";"2021JJ00";;
"14717";"51511";"GM0096";"2021JJ00";"0";
"14728";"51511";"GM0718";"2021JJ00";"0.4";"14.7"
"14739";"51511";"GM0623";"2021JJ00";;
"14750";"51511";"GM0986";"2021JJ00";"0.1";"9.5"
"14761";"51511";"GM0626";"2021JJ00";"0.1";"6.1"
"14772";"51511";"GM0285";"2021JJ00";"0.1";"3.2"
"14783";"51511";"GM0865";"2021JJ00";"0.1";"4.6"
"14794";"51511";"GM1949";"2021JJ00";"0.2";"7.7"
"14805";"51511";"GM0866";"2021JJ00";"0.1";"6"
"14816";"51511";"GM0867";"2021JJ00";"0.2";"8.5"
"14827";"51511";"GM0627";"2021JJ00";"0.1";"6.1"
"14838";"51511";"GM0289";"2021JJ00";"0.2";"9.2"
"14849";"51511";"GM0629";"2021JJ00";"0.1";"8.3"
"14860";"51511";"GM0852";"2021JJ00";"0.1";"6.7"
"14871";"51511";"GM0988";"2021JJ00";"0.3";"10.2"
"14882";"51511";"GM0457";"2021JJ00";"0.1";"8.9"
"14893";"51511";"GM0870";"2021JJ00";;
"14904";"51511";"GM1960";"2021JJ00";"0.2";"5.2"
"14915";"51511";"GM0668";"2021JJ00";"0.1";"6.5"
"14926";"51511";"GM1969";"2021JJ00";"0.3";"6.7"
"14937";"51511";"GM1701";"2021JJ00";"0.1";"7.2"
"14948";"51511";"GM0293";"2021JJ00";"0.1";"13.5"
"14959";"51511";"GM1950";"2021JJ00";"0.2";"11.9"
"14970";"51511";"GM1783";"2021JJ00";"0.5";"6.2"
"14981";"51511";"GM0098";"2021JJ00";"0.1";"8.1"
"14992";"51511";"GM0614";"2021JJ00";"0.1";"8.5"
"15003";"51511";"GM0189";"2021JJ00";"0.1";"4"
"15014";"51511";"GM0462";"2021JJ00";;
"15025";"51511";"GM0463";"2021JJ00";;
"15036";"51511";"GM0296";"2021JJ00";"0.2";"8.5"
"15047";"51511";"GM1696";"2021JJ00";"0.1";"5"
"15058";"51511";"GM0352";"2021JJ00";"0.1";"6.6"
"15069";"51511";"GM0053";"2021JJ00";;
"15080";"51511";"GM0294";"2021JJ00";"0.1";"8.3"
"15091";"51511";"GM0873";"2021JJ00";"0.1";"8"
"15102";"51511";"GM0632";"2021JJ00";"0.2";"6.3"
"15113";"51511";"GM1690";"2021JJ00";"0.1";"7.1"
"15124";"51511";"GM0880";"2021JJ00";"0.1";"10"
"15135";"51511";"GM0351";"2021JJ00";"0.1";"5.5"
"15146";"51511";"GM0874";"2021JJ00";;
"15157";"51511";"GM0479";"2021JJ00";"1.3";"13.2"
"15168";"51511";"GM0297";"2021JJ00";"0.1";"6.7"
"15179";"51511";"GM0473";"2021JJ00";"0.1";"15"
"15190";"51511";"GM0707";"2021JJ00";;
"15201";"51511";"GM0478";"2021JJ00";;
"15212";"51511";"GM0050";"2021JJ00";"0.1";"7.6"
"15223";"51511";"GM0355";"2021JJ00";"0.4";"9.5"
"15234";"51511";"GM0299";"2021JJ00";"0.2";"9.7"
"15245";"51511";"GM0476";"2021JJ00";;
"15256";"51511";"GM0637";"2021JJ00";"1.1";"12.6"
"15267";"51511";"GM0638";"2021JJ00";"0";"5.2"
"15278";"51511";"GM0056";"2021JJ00";;
"15289";"51511";"GM1892";"2021JJ00";"0.2";"6"
"15300";"51511";"GM0879";"2021JJ00";"0.1";"8.9"
"15311";"51511";"GM0301";"2021JJ00";"0.3";"11.6"
"15322";"51511";"GM1896";"2021JJ00";"0.1";"4.8"
"15333";"51511";"GM0642";"2021JJ00";"0.4";"15.1"
"15344";"51511";"GM0193";"2021JJ00";"0.8";"9.4"
"15355";"52020";"NL01  ";"2021JJ00";"94.1";"8.4"
"15366";"52020";"LD01  ";"2021JJ00";"9.2";"8.2"
"15377";"52020";"LD02  ";"2021JJ00";"17.9";"7"
"15388";"52020";"LD03  ";"2021JJ00";"49.4";"9.3"
"15399";"52020";"LDG4  ";"2021JJ00";;
"15410";"52020";"LD04  ";"2021JJ00";"17.6";"7.9"
"15421";"52020";"LDZZ  ";"2021JJ00";;
"15432";"52020";"LD98  ";"2021JJ00";;
"15443";"52020";"LD99  ";"2021JJ00";;
"15454";"52020";"PV20  ";"2021JJ00";"3.5";"10.3"
"15465";"52020";"PV21  ";"2021JJ00";"3.2";"7.3"
"15476";"52020";"PV22  ";"2021JJ00";"2.4";"7.3"
"15487";"52020";"PV23  ";"2021JJ00";"5.7";"6.9"
"15498";"52020";"PV24  ";"2021JJ00";"2.7";"8.5"
"15509";"52020";"PV25  ";"2021JJ00";"9.5";"6.7"
"15520";"52020";"PV26  ";"2021JJ00";"6.3";"6.7"
"15531";"52020";"PV27  ";"2021JJ00";"17.1";"9.5"
"15542";"52020";"PV28  ";"2021JJ00";"24.4";"10.3"
"15553";"52020";"PV29  ";"2021JJ00";"1.6";"6.5"
"15564";"52020";"PV30  ";"2021JJ00";"11.8";"7.3"
"15575";"52020";"PV31  ";"2021JJ00";"5.8";"9.5"
"15586";"52020";"GM1680";"2021JJ00";"0.1";"4.9"
"15597";"52020";"GM0738";"2021JJ00";;
"15608";"52020";"GM0358";"2021JJ00";"0.1";"5.1"
"15619";"52020";"GM0197";"2021JJ00";"0.1";"5.5"
"15630";"52020";"GM0059";"2021JJ00";"0.2";"7.5"
"15641";"52020";"GM0482";"2021JJ00";"0.1";"4.4"
"15652";"52020";"GM0613";"2021JJ00";"0.1";"4.6"
"15663";"52020";"GM0361";"2021JJ00";"0.6";"8.2"
"15674";"52020";"GM0141";"2021JJ00";"0.6";"10.9"
"15685";"52020";"GM0034";"2021JJ00";"1.5";"9.7"
"15696";"52020";"GM0484";"2021JJ00";"0.4";"5.3"
"15707";"52020";"GM1723";"2021JJ00";"0";"2.7"
"15718";"52020";"GM1959";"2021JJ00";"0.1";"3.6"
"15729";"52020";"GM0060";"2021JJ00";"0";"2.5"
"15740";"52020";"GM0307";"2021JJ00";"0.8";"7"
"15751";"52020";"GM0362";"2021JJ00";"0.4";"7.2"
"15762";"52020";"GM0363";"2021JJ00";"7.8";"18.2"
"15773";"52020";"GM0366";"2021JJ00";;
"15784";"52020";"GM0200";"2021JJ00";"0.7";"6.8"
"15795";"52020";"GM0003";"2021JJ00";;
"15806";"52020";"GM0202";"2021JJ00";"1.3";"13.8"
"15817";"52020";"GM0106";"2021JJ00";"0.4";"8.7"
"15828";"52020";"GM0743";"2021JJ00";"0.1";"4.3"
"15839";"52020";"GM0744";"2021JJ00";"0";"5.8"
"15850";"52020";"GM0308";"2021JJ00";"0.1";"5.3"
"15861";"52020";"GM0489";"2021JJ00";"0.2";"4.8"
"15872";"52020";"GM0203";"2021JJ00";"0.2";"4"
"15883";"52020";"GM0005";"2021JJ00";;
"15894";"52020";"GM0888";"2021JJ00";"0.1";"9"
"15905";"52020";"GM1954";"2021JJ00";"0.1";"5.9"
"15916";"52020";"GM0370";"2021JJ00";"0";"3.8"
"15927";"52020";"GM0889";"2021JJ00";"0.1";"7.6"
"15938";"52020";"GM0007";"2021JJ00";;
"15949";"52020";"GM1945";"2021JJ00";"0.1";"6.8"
"15960";"52020";"GM0491";"2021JJ00";;
"15971";"52020";"GM1724";"2021JJ00";"0";"3.5"
"15982";"52020";"GM0893";"2021JJ00";"0";"6.1"
"15993";"52020";"GM0373";"2021JJ00";"0.1";"4.1"
"16004";"52020";"GM0748";"2021JJ00";"0.4";"10.6"
"16015";"52020";"GM1859";"2021JJ00";"0.2";"5.3"
"16026";"52020";"GM1721";"2021JJ00";"0.1";"3.8"
"16037";"52020";"GM0568";"2021JJ00";;
"16048";"52020";"GM0753";"2021JJ00";"0.1";"4.5"
"16059";"52020";"GM0209";"2021JJ00";"0.1";"5.9"
"16070";"52020";"GM0375";"2021JJ00";"0.2";"8.5"
"16081";"52020";"GM0063";"2021JJ00";;
"16092";"52020";"GM0310";"2021JJ00";"0.2";"5.6"
"16103";"52020";"GM0585";"2021JJ00";;
"16114";"52020";"GM1728";"2021JJ00";"0.1";"4"
"16125";"52020";"GM0376";"2021JJ00";"0";"4.9"
"16136";"52020";"GM0377";"2021JJ00";"0.1";"3.1"
"16147";"52020";"GM0055";"2021JJ00";;
"16158";"52020";"GM1901";"2021JJ00";"0.1";"4.5"
"16169";"52020";"GM0755";"2021JJ00";"0";"3.8"
"16180";"52020";"GM0009";"2021JJ00";;
"16191";"52020";"GM1681";"2021JJ00";"0.1";"6.5"
"16202";"52020";"GM0147";"2021JJ00";"0.1";"4.6"
"16213";"52020";"GM0654";"2021JJ00";"0.1";"3.5"
"16224";"52020";"GM0499";"2021JJ00";;
"16235";"52020";"GM0756";"2021JJ00";"0.1";"5.1"
"16246";"52020";"GM0757";"2021JJ00";"0.2";"6.5"
"16257";"52020";"GM0758";"2021JJ00";"1";"8"
"16268";"52020";"GM0501";"2021JJ00";"0.1";"5.2"
"16279";"52020";"GM1876";"2021JJ00";"0.1";"4"
"16290";"52020";"GM0213";"2021JJ00";"0.1";"5.1"
"16301";"52020";"GM0899";"2021JJ00";"0.2";"12.8"
"16312";"52020";"GM0312";"2021JJ00";"0";"3.1"
"16323";"52020";"GM0313";"2021JJ00";"0.1";"4.1"
"16334";"52020";"GM0214";"2021JJ00";"0.1";"4.5"
"16345";"52020";"GM0381";"2021JJ00";;
"16356";"52020";"GM0502";"2021JJ00";"0.5";"11.4"
"16367";"52020";"GM0383";"2021JJ00";"0.1";"4.1"
"16378";"52020";"GM0109";"2021JJ00";"0.2";"8.2"
"16389";"52020";"GM1706";"2021JJ00";"0.1";"5"
"16400";"52020";"GM0611";"2021JJ00";;
"16411";"52020";"GM1684";"2021JJ00";"0.1";"6.4"
"16422";"52020";"GM0216";"2021JJ00";"0.1";"6"
"16433";"52020";"GM0148";"2021JJ00";"0.1";"3.2"
"16444";"52020";"GM1891";"2021JJ00";"0.1";"5.6"
"16455";"52020";"GM0503";"2021JJ00";"0.6";"12.3"
"16466";"52020";"GM0010";"2021JJ00";;
"16477";"52020";"GM0762";"2021JJ00";"0.1";"6.6"
"16488";"52020";"GM0150";"2021JJ00";"0.6";"8.8"
"16499";"52020";"GM0384";"2021JJ00";"0.1";"9.5"
"16510";"52020";"GM1980";"2021JJ00";;
"16521";"52020";"GM1774";"2021JJ00";"0.1";"3.2"
"16532";"52020";"GM0504";"2021JJ00";;
"16543";"52020";"GM0221";"2021JJ00";"0.1";"13.3"
"16554";"52020";"GM0222";"2021JJ00";"0.3";"7.6"
"16565";"52020";"GM0766";"2021JJ00";"0.1";"5.4"
"16576";"52020";"GM0058";"2021JJ00";;
"16587";"52020";"GM0505";"2021JJ00";"0.8";"11.1"
"16598";"52020";"GM0498";"2021JJ00";"0.1";"3.8"
"16609";"52020";"GM1719";"2021JJ00";"0.1";"4"
"16620";"52020";"GM0303";"2021JJ00";"0.2";"6"
"16631";"52020";"GM0225";"2021JJ00";"0.1";"5.6"
"16642";"52020";"GM0226";"2021JJ00";"0.1";"5.1"
"16653";"52020";"GM1711";"2021JJ00";"0.1";"6.8"
"16664";"52020";"GM0385";"2021JJ00";"0.1";"4.2"
"16675";"52020";"GM0228";"2021JJ00";"0.5";"5.5"
"16686";"52020";"GM0317";"2021JJ00";"0";"4.5"
"16697";"52020";"GM1979";"2021JJ00";"0.3";"11.2"
"16708";"52020";"GM1651";"2021JJ00";;
"16719";"52020";"GM0770";"2021JJ00";"0";"2.5"
"16730";"52020";"GM1903";"2021JJ00";"0";"3.4"
"16741";"52020";"GM0772";"2021JJ00";"1.5";"11.9"
"16752";"52020";"GM0230";"2021JJ00";"0.1";"5.6"
"16763";"52020";"GM0114";"2021JJ00";"0.7";"10"
"16774";"52020";"GM0388";"2021JJ00";"0.1";"9.1"
"16785";"52020";"GM0153";"2021JJ00";"1.3";"12.9"
"16796";"52020";"GM0232";"2021JJ00";"0.1";"5.6"
"16807";"52020";"GM0233";"2021JJ00";"0.1";"5.4"
"16818";"52020";"GM0777";"2021JJ00";"0.2";"6.6"
"16829";"52020";"GM1722";"2021JJ00";;
"16840";"52020";"GM0070";"2021JJ00";;
"16851";"52020";"GM1921";"2021JJ00";;
"16862";"52020";"GM1940";"2021JJ00";"0.2";"4.9"
"16873";"52020";"GM0653";"2021JJ00";;
"16884";"52020";"GM0779";"2021JJ00";"0.1";"6.7"
"16895";"52020";"GM0236";"2021JJ00";;
"16906";"52020";"GM1771";"2021JJ00";"0.2";"6.5"
"16917";"52020";"GM1652";"2021JJ00";"0.1";"5.9"
"16928";"52020";"GM0907";"2021JJ00";"0.1";"4.9"
"16939";"52020";"GM0689";"2021JJ00";;
"16950";"52020";"GM0784";"2021JJ00";"0.1";"6.7"
"16961";"52020";"GM0511";"2021JJ00";;
"16972";"52020";"GM1924";"2021JJ00";"0.2";"4.8"
"16983";"52020";"GM0664";"2021JJ00";"0.2";"6.9"
"16994";"52020";"GM0785";"2021JJ00";"0.1";"4.6"
"17005";"52020";"GM1942";"2021JJ00";"0.2";"4.3"
"17016";"52020";"GM0512";"2021JJ00";"0.2";"8.5"
"17027";"52020";"GM0513";"2021JJ00";"0.4";"8.8"
"17038";"52020";"GM0693";"2021JJ00";;
"17049";"52020";"GM0365";"2021JJ00";;
"17060";"52020";"GM0786";"2021JJ00";"0.1";"6.7"
"17071";"52020";"GM0518";"2021JJ00";"4.9";"14.8"
"17082";"52020";"GM0241";"2021JJ00";;
"17093";"52020";"GM0014";"2021JJ00";"1.5";"13.4"
"17104";"52020";"GM0015";"2021JJ00";;
"17115";"52020";"GM1729";"2021JJ00";"0";"5.3"
"17126";"52020";"GM0158";"2021JJ00";"0.1";"5.3"
"17137";"52020";"GM0788";"2021JJ00";;
"17148";"52020";"GM0392";"2021JJ00";"0.9";"9"
"17159";"52020";"GM0393";"2021JJ00";;
"17170";"52020";"GM0394";"2021JJ00";"0.7";"5.4"
"17181";"52020";"GM1655";"2021JJ00";"0.1";"7.7"
"17192";"52020";"GM0160";"2021JJ00";"0.2";"4.2"
"17203";"52020";"GM0243";"2021JJ00";"0.2";"6.9"
"17214";"52020";"GM0523";"2021JJ00";"0";"3.2"
"17225";"52020";"GM0017";"2021JJ00";;
"17236";"52020";"GM0395";"2021JJ00";;
"17247";"52020";"GM0072";"2021JJ00";"0.1";"8.7"
"17258";"52020";"GM0244";"2021JJ00";"0";"4.3"
"17269";"52020";"GM0396";"2021JJ00";"0.2";"9"
"17280";"52020";"GM0397";"2021JJ00";"0.1";"3.3"
"17291";"52020";"GM0246";"2021JJ00";"0.1";"3.9"
"17302";"52020";"GM0074";"2021JJ00";"0.2";"6.5"
"17313";"52020";"GM0398";"2021JJ00";"0.2";"5.1"
"17324";"52020";"GM0917";"2021JJ00";"0.8";"18.9"
"17335";"52020";"GM1658";"2021JJ00";"0";"4.2"
"17346";"52020";"GM0399";"2021JJ00";"0.1";"3.9"
"17357";"52020";"GM0400";"2021JJ00";"0.3";"10.6"
"17368";"52020";"GM0163";"2021JJ00";"0.1";"4.8"
"17379";"52020";"GM0530";"2021JJ00";"0.2";"8.3"
"17390";"52020";"GM0794";"2021JJ00";"0.7";"9.9"
"17401";"52020";"GM0531";"2021JJ00";"0.1";"5.9"
"17412";"52020";"GM0164";"2021JJ00";"0.5";"8"
"17423";"52020";"GM0796";"2021JJ00";"0.8";"8.6"
"17434";"52020";"GM0252";"2021JJ00";"0.1";"4.9"
"17445";"52020";"GM0797";"2021JJ00";"0.1";"5"
"17456";"52020";"GM0534";"2021JJ00";"0.1";"5.5"
"17467";"52020";"GM0798";"2021JJ00";"0";"3.4"
"17478";"52020";"GM0402";"2021JJ00";"0.5";"8"
"17489";"52020";"GM1963";"2021JJ00";"0.3";"4.4"
"17500";"52020";"GM1735";"2021JJ00";"0.1";"4.3"
"17511";"52020";"GM1966";"2021JJ00";"0.2";"6.8"
"17522";"52020";"GM1911";"2021JJ00";"0.2";"5.1"
"17533";"52020";"GM0118";"2021JJ00";"0.3";"7.8"
"17544";"52020";"GM0018";"2021JJ00";;
"17555";"52020";"GM0405";"2021JJ00";"0.4";"8.7"
"17566";"52020";"GM1507";"2021JJ00";"0.1";"3.9"
"17577";"52020";"GM0321";"2021JJ00";"0.1";"3.1"
"17588";"52020";"GM0406";"2021JJ00";"0.2";"6.9"
"17599";"52020";"GM0677";"2021JJ00";"0.1";"5.2"
"17610";"52020";"GM0353";"2021JJ00";"0.2";"5.9"
"17621";"52020";"GM1884";"2021JJ00";"0.1";"5.7"
"17632";"52020";"GM0166";"2021JJ00";"0.2";"5.3"
"17643";"52020";"GM0678";"2021JJ00";"0";"4.3"
"17654";"52020";"GM0537";"2021JJ00";"0.2";"4.8"
"17665";"52020";"GM0928";"2021JJ00";"0.3";"15.7"
"17676";"52020";"GM1598";"2021JJ00";"0.1";"3.7"
"17687";"52020";"GM0079";"2021JJ00";;
"17698";"52020";"GM0588";"2021JJ00";;
"17709";"52020";"GM0542";"2021JJ00";"0.2";"8.8"
"17720";"52020";"GM1931";"2021JJ00";"0.2";"5.6"
"17731";"52020";"GM1659";"2021JJ00";"0.1";"4.7"
"17742";"52020";"GM1982";"2021JJ00";;
"17753";"52020";"GM1685";"2021JJ00";"0.1";"5"
"17764";"52020";"GM0882";"2021JJ00";"0.3";"13.8"
"17775";"52020";"GM0415";"2021JJ00";"0";"5.1"
"17786";"52020";"GM0416";"2021JJ00";"0.1";"4.6"
"17797";"52020";"GM1621";"2021JJ00";"0.3";"4.7"
"17808";"52020";"GM0417";"2021JJ00";"0.1";"6.5"
"17819";"52020";"GM0022";"2021JJ00";;
"17830";"52020";"GM0545";"2021JJ00";;
"17841";"52020";"GM0080";"2021JJ00";"0.8";"10.8"
"17852";"52020";"GM0081";"2021JJ00";;
"17863";"52020";"GM0546";"2021JJ00";"0.7";"11.3"
"17874";"52020";"GM0547";"2021JJ00";"0.1";"6.7"
"17885";"52020";"GM1916";"2021JJ00";"0.4";"9.2"
"17896";"52020";"GM0995";"2021JJ00";"0.6";"10.1"
"17907";"52020";"GM0082";"2021JJ00";;
"17918";"52020";"GM1640";"2021JJ00";"0.1";"4.7"
"17929";"52020";"GM0327";"2021JJ00";"0.1";"3.8"
"17940";"52020";"GM0694";"2021JJ00";;
"17951";"52020";"GM0733";"2021JJ00";;
"17962";"52020";"GM1705";"2021JJ00";"0.2";"4.7"
"17973";"52020";"GM0553";"2021JJ00";"0.1";"5.7"
"17984";"52020";"GM0140";"2021JJ00";;
"17995";"52020";"GM0262";"2021JJ00";"0.1";"5.5"
"18006";"52020";"GM0809";"2021JJ00";"0.1";"4.7"
"18017";"52020";"GM0331";"2021JJ00";"0.1";"5.5"
"18028";"52020";"GM0024";"2021JJ00";;
"18039";"52020";"GM0168";"2021JJ00";"0.1";"6.1"
"18050";"52020";"GM1671";"2021JJ00";;
"18061";"52020";"GM0263";"2021JJ00";"0.1";"4.6"
"18072";"52020";"GM1641";"2021JJ00";"0.1";"5.1"
"18083";"52020";"GM1991";"2021JJ00";;
"18094";"52020";"GM0556";"2021JJ00";"0.2";"11.4"
"18105";"52020";"GM0935";"2021JJ00";"0.7";"13.8"
"18116";"52020";"GM1663";"2021JJ00";;
"18127";"52020";"GM0025";"2021JJ00";;
"18138";"52020";"GM0420";"2021JJ00";"0.2";"5.6"
"18149";"52020";"GM0938";"2021JJ00";"0.1";"4.4"
"18160";"52020";"GM1948";"2021JJ00";"0.3";"5"
"18171";"52020";"GM1908";"2021JJ00";;
"18182";"52020";"GM1987";"2021JJ00";;
"18193";"52020";"GM0119";"2021JJ00";"0.2";"6.6"
"18204";"52020";"GM0687";"2021JJ00";"0.3";"7.9"
"18215";"52020";"GM0559";"2021JJ00";;
"18226";"52020";"GM1842";"2021JJ00";"0.1";"4.8"
"18237";"52020";"GM1731";"2021JJ00";"0.1";"4.5"
"18248";"52020";"GM1952";"2021JJ00";"0.4";"10"
"18259";"52020";"GM0815";"2021JJ00";"0";"4.9"
"18270";"52020";"GM0265";"2021JJ00";;
"18281";"52020";"GM1709";"2021JJ00";"0.1";"5.5"
"18292";"52020";"GM1978";"2021JJ00";"0.1";"3.4"
"18303";"52020";"GM1927";"2021JJ00";;
"18314";"52020";"GM1955";"2021JJ00";"0.1";"5.8"
"18325";"52020";"GM0335";"2021JJ00";"0";"3.9"
"18336";"52020";"GM0944";"2021JJ00";"0";"1.8"
"18347";"52020";"GM0424";"2021JJ00";;
"18358";"52020";"GM0425";"2021JJ00";;
"18369";"52020";"GM1740";"2021JJ00";"0.1";"3.9"
"18380";"52020";"GM0643";"2021JJ00";;
"18391";"52020";"GM0946";"2021JJ00";"0.1";"5.1"
"18402";"52020";"GM0304";"2021JJ00";;
"18413";"52020";"GM0412";"2021JJ00";;
"18424";"52020";"GM0356";"2021JJ00";"0.3";"7.4"
"18435";"52020";"GM0569";"2021JJ00";"0.1";"4.2"
"18446";"52020";"GM0571";"2021JJ00";;
"18457";"52020";"GM0267";"2021JJ00";"0.1";"3.8"
"18468";"52020";"GM0268";"2021JJ00";"1.1";"12"
"18479";"52020";"GM1930";"2021JJ00";"0.6";"11.8"
"18490";"52020";"GM1970";"2021JJ00";"0.2";"6.2"
"18501";"52020";"GM1695";"2021JJ00";"0";"4.9"
"18512";"52020";"GM1699";"2021JJ00";"0.1";"6.2"
"18523";"52020";"GM0171";"2021JJ00";"0.3";"8"
"18534";"52020";"GM0575";"2021JJ00";"0.1";"5.2"
"18545";"52020";"GM0576";"2021JJ00";;
"18556";"52020";"GM0820";"2021JJ00";"0.1";"6"
"18567";"52020";"GM0302";"2021JJ00";"0.1";"4.7"
"18578";"52020";"GM0951";"2021JJ00";;
"18589";"52020";"GM0579";"2021JJ00";"0.1";"4.9"
"18600";"52020";"GM0823";"2021JJ00";"0";"3.2"
"18611";"52020";"GM0824";"2021JJ00";"0.1";"4.4"
"18622";"52020";"GM1895";"2021JJ00";"0.3";"10.6"
"18633";"52020";"GM0269";"2021JJ00";"0.1";"4.4"
"18644";"52020";"GM0173";"2021JJ00";"0.2";"6.3"
"18655";"52020";"GM1773";"2021JJ00";"0.1";"4.2"
"18666";"52020";"GM0175";"2021JJ00";"0.1";"5.4"
"18677";"52020";"GM0881";"2021JJ00";;
"18688";"52020";"GM1586";"2021JJ00";"0.1";"3.9"
"18699";"52020";"GM0826";"2021JJ00";"0.3";"8.2"
"18710";"52020";"GM0580";"2021JJ00";;
"18721";"52020";"GM0085";"2021JJ00";"0.1";"6.3"
"18732";"52020";"GM0431";"2021JJ00";"0";"4.5"
"18743";"52020";"GM0432";"2021JJ00";"0";"3.8"
"18754";"52020";"GM0086";"2021JJ00";"0.1";"6.2"
"18765";"52020";"GM0828";"2021JJ00";"0.5";"7.8"
"18776";"52020";"GM0584";"2021JJ00";;
"18787";"52020";"GM1509";"2021JJ00";"0.2";"7.9"
"18798";"52020";"GM0437";"2021JJ00";"0";"4.6"
"18809";"52020";"GM0644";"2021JJ00";;
"18820";"52020";"GM0589";"2021JJ00";"0";"6.7"
"18831";"52020";"GM1734";"2021JJ00";"0.2";"5"
"18842";"52020";"GM0590";"2021JJ00";"0.1";"6.6"
"18853";"52020";"GM1894";"2021JJ00";"0.2";"5.4"
"18864";"52020";"GM0765";"2021JJ00";"0.1";"12.8"
"18875";"52020";"GM1926";"2021JJ00";"0.2";"4.5"
"18886";"52020";"GM0439";"2021JJ00";"0.4";"8.6"
"18897";"52020";"GM0273";"2021JJ00";"0.1";"4.2"
"18908";"52020";"GM0177";"2021JJ00";"0.1";"4.8"
"18919";"52020";"GM0703";"2021JJ00";"0.1";"4.3"
"18930";"52020";"GM0274";"2021JJ00";"0.1";"6.6"
"18941";"52020";"GM0339";"2021JJ00";"0";"1.3"
"18952";"52020";"GM1667";"2021JJ00";"0";"4"
"18963";"52020";"GM0275";"2021JJ00";"0.3";"9.9"
"18974";"52020";"GM0340";"2021JJ00";"0.1";"3.7"
"18985";"52020";"GM0597";"2021JJ00";"0.2";"9.2"
"18996";"52020";"GM0196";"2021JJ00";;
"19007";"52020";"GM1672";"2021JJ00";;
"19018";"52020";"GM1742";"2021JJ00";"0.1";"4.2"
"19029";"52020";"GM0603";"2021JJ00";"0.4";"14"
"19040";"52020";"GM1669";"2021JJ00";"0.1";"6.4"
"19051";"52020";"GM0957";"2021JJ00";"0.4";"12.2"
"19062";"52020";"GM0736";"2021JJ00";"0.1";"4.6"
"19073";"52020";"GM1674";"2021JJ00";"0.4";"9.6"
"19084";"52020";"GM0599";"2021JJ00";"6.8";"18.7"
"19095";"52020";"GM0277";"2021JJ00";"0";"1.2"
"19106";"52020";"GM0840";"2021JJ00";"0.1";"7.5"
"19117";"52020";"GM0441";"2021JJ00";"0.1";"4.1"
"19128";"52020";"GM0458";"2021JJ00";;
"19139";"52020";"GM0279";"2021JJ00";"0";"4"
"19150";"52020";"GM0606";"2021JJ00";"0.6";"13.2"
"19161";"52020";"GM0088";"2021JJ00";"0";
"19172";"52020";"GM0844";"2021JJ00";;
"19183";"52020";"GM0962";"2021JJ00";;
"19194";"52020";"GM0608";"2021JJ00";;
"19205";"52020";"GM1676";"2021JJ00";"0.1";"6.5"
"19216";"52020";"GM0965";"2021JJ00";"0";"6.4"
"19227";"52020";"GM1702";"2021JJ00";"0";"3"
"19238";"52020";"GM0845";"2021JJ00";"0.1";"3.3"
"19249";"52020";"GM0846";"2021JJ00";;
"19260";"52020";"GM1883";"2021JJ00";"0.5";"11"
"19271";"52020";"GM0051";"2021JJ00";;
"19282";"52020";"GM0610";"2021JJ00";"0.1";"6.7"
"19293";"52020";"GM0040";"2021JJ00";;
"19304";"52020";"GM1714";"2021JJ00";"0.1";"5.9"
"19315";"52020";"GM0090";"2021JJ00";"0.3";"8.7"
"19326";"52020";"GM0342";"2021JJ00";"0.2";"6.2"
"19337";"52020";"GM0847";"2021JJ00";"0.1";"5.9"
"19348";"52020";"GM0848";"2021JJ00";"0.1";"5.1"
"19359";"52020";"GM0612";"2021JJ00";;
"19370";"52020";"GM0037";"2021JJ00";"0.2";"10.9"
"19381";"52020";"GM0180";"2021JJ00";"0";"2.5"
"19392";"52020";"GM0532";"2021JJ00";"0.1";"7.9"
"19403";"52020";"GM0851";"2021JJ00";"0.1";"6.4"
"19414";"52020";"GM1708";"2021JJ00";"0.2";"6.4"
"19425";"52020";"GM0971";"2021JJ00";"0.1";"6.2"
"19436";"52020";"GM1904";"2021JJ00";"0.2";"4.3"
"19447";"52020";"GM0617";"2021JJ00";;
"19458";"52020";"GM1900";"2021JJ00";"0.4";"6.6"
"19469";"52020";"GM0715";"2021JJ00";"0.3";"8.2"
"19480";"52020";"GM0093";"2021JJ00";"0";"2.1"
"19491";"52020";"GM0448";"2021JJ00";"0";"6.2"
"19502";"52020";"GM1525";"2021JJ00";"0.1";"3"
"19513";"52020";"GM0716";"2021JJ00";"0.1";"4.5"
"19524";"52020";"GM0281";"2021JJ00";"0.2";"8.3"
"19535";"52020";"GM0855";"2021JJ00";"1.5";"11.1"
"19546";"52020";"GM0183";"2021JJ00";"0";"2.3"
"19557";"52020";"GM1700";"2021JJ00";"0.2";"5.5"
"19568";"52020";"GM1730";"2021JJ00";"0.1";"5.3"
"19579";"52020";"GM0737";"2021JJ00";"0.1";"5.6"
"19590";"52020";"GM0282";"2021JJ00";;
"19601";"52020";"GM0856";"2021JJ00";"0.2";"7.1"
"19612";"52020";"GM0450";"2021JJ00";"0";"3.5"
"19623";"52020";"GM0451";"2021JJ00";"0.2";"7"
"19634";"52020";"GM0184";"2021JJ00";"0.1";"2.6"
"19645";"52020";"GM0344";"2021JJ00";"2.2";"10.6"
"19656";"52020";"GM1581";"2021JJ00";"0.2";"4.8"
"19667";"52020";"GM0981";"2021JJ00";"0";"12.3"
"19678";"52020";"GM0994";"2021JJ00";"0";"6.1"
"19689";"52020";"GM0858";"2021JJ00";"0.1";"6.9"
"19700";"52020";"GM0047";"2021JJ00";"0.2";"9.8"
"19711";"52020";"GM0345";"2021JJ00";"0.4";"7.5"
"19722";"52020";"GM0717";"2021JJ00";"0";"3.7"
"19733";"52020";"GM0860";"2021JJ00";;
"19744";"52020";"GM0861";"2021JJ00";"0.2";"5.4"
"19755";"52020";"GM0453";"2021JJ00";"0.3";"7.5"
"19766";"52020";"GM0983";"2021JJ00";"0.6";"10.7"
"19777";"52020";"GM0984";"2021JJ00";"0.2";"7.4"
"19788";"52020";"GM0620";"2021JJ00";;
"19799";"52020";"GM1961";"2021JJ00";"0.2";"6.1"
"19810";"52020";"GM0622";"2021JJ00";"0.6";"13"
"19821";"52020";"GM0048";"2021JJ00";;
"19832";"52020";"GM0096";"2021JJ00";"0";
"19843";"52020";"GM0718";"2021JJ00";"0.3";"11.2"
"19854";"52020";"GM0623";"2021JJ00";;
"19865";"52020";"GM0986";"2021JJ00";"0.1";"8"
"19876";"52020";"GM0626";"2021JJ00";"0.1";"5.4"
"19887";"52020";"GM0285";"2021JJ00";"0";"2.9"
"19898";"52020";"GM0865";"2021JJ00";"0.1";"4"
"19909";"52020";"GM1949";"2021JJ00";"0.2";"6.8"
"19920";"52020";"GM0866";"2021JJ00";"0.1";"5.4"
"19931";"52020";"GM0867";"2021JJ00";"0.2";"6.1"
"19942";"52020";"GM0627";"2021JJ00";"0.1";"6.2"
"19953";"52020";"GM0289";"2021JJ00";"0.2";"7.8"
"19964";"52020";"GM0629";"2021JJ00";"0.1";"6.6"
"19975";"52020";"GM0852";"2021JJ00";"0.1";"5.3"
"19986";"52020";"GM0988";"2021JJ00";"0.2";"8"
"19997";"52020";"GM0457";"2021JJ00";"0.1";"7.8"
"20008";"52020";"GM0870";"2021JJ00";;
"20019";"52020";"GM1960";"2021JJ00";"0.2";"4.1"
"20030";"52020";"GM0668";"2021JJ00";"0.1";"5.2"
"20041";"52020";"GM1969";"2021JJ00";"0.2";"4.7"
"20052";"52020";"GM1701";"2021JJ00";"0.1";"5.1"
"20063";"52020";"GM0293";"2021JJ00";"0.1";"10.4"
"20074";"52020";"GM1950";"2021JJ00";"0.1";"10.2"
"20085";"52020";"GM1783";"2021JJ00";"0.4";"5.3"
"20096";"52020";"GM0098";"2021JJ00";"0.1";"6.1"
"20107";"52020";"GM0614";"2021JJ00";"0";"5.3"
"20118";"52020";"GM0189";"2021JJ00";"0.1";"3.6"
"20129";"52020";"GM0462";"2021JJ00";;
"20140";"52020";"GM0463";"2021JJ00";;
"20151";"52020";"GM0296";"2021JJ00";"0.2";"6.5"
"20162";"52020";"GM1696";"2021JJ00";"0.1";"4"
"20173";"52020";"GM0352";"2021JJ00";"0.1";"4.8"
"20184";"52020";"GM0053";"2021JJ00";;
"20195";"52020";"GM0294";"2021JJ00";"0.1";"4.9"
"20206";"52020";"GM0873";"2021JJ00";"0.1";"7.1"
"20217";"52020";"GM0632";"2021JJ00";"0.2";"5.4"
"20228";"52020";"GM1690";"2021JJ00";"0.1";"4"
"20239";"52020";"GM0880";"2021JJ00";"0.1";"6.9"
"20250";"52020";"GM0351";"2021JJ00";"0";"4"
"20261";"52020";"GM0874";"2021JJ00";;
"20272";"52020";"GM0479";"2021JJ00";"1";"10.2"
"20283";"52020";"GM0297";"2021JJ00";"0.1";"4.7"
"20294";"52020";"GM0473";"2021JJ00";"0.1";"9.4"
"20305";"52020";"GM0707";"2021JJ00";;
"20316";"52020";"GM0478";"2021JJ00";;
"20327";"52020";"GM0050";"2021JJ00";"0.1";"4.5"
"20338";"52020";"GM0355";"2021JJ00";"0.3";"7.6"
"20349";"52020";"GM0299";"2021JJ00";"0.2";"7"
"20360";"52020";"GM0476";"2021JJ00";;
"20371";"52020";"GM0637";"2021JJ00";"0.9";"10.9"
"20382";"52020";"GM0638";"2021JJ00";"0";"3.9"
"20393";"52020";"GM0056";"2021JJ00";;
"20404";"52020";"GM1892";"2021JJ00";"0.2";"5.7"
"20415";"52020";"GM0879";"2021JJ00";"0.1";"7.3"
"20426";"52020";"GM0301";"2021JJ00";"0.3";"8"
"20437";"52020";"GM1896";"2021JJ00";"0.1";"3.1"
"20448";"52020";"GM0642";"2021JJ00";"0.4";"12.7"
"20459";"52020";"GM0193";"2021JJ00";"0.7";"7.9"
